Compound,Date,Negative,Neutral,Positive,Text,Tweets Ago,User
0.0,Tue Mar 20 19:48:04 +0000 2018,1.0,0.0,0.0,"This #WorldFrogDay, why not try making an origami jumping frog with @BBCTaster's step-by-step tutorial? üê∏‚Ä¶ https://t.co/jjMqUND883",0,@bbc
0.0,Tue Mar 20 19:03:04 +0000 2018,1.0,0.0,0.0,"Michael Portillo travels across India guided by Bradshaw's 1913 Handbook of Indian, Foreign and Colonial Travel. üáÆüá≥‚Ä¶ https://t.co/4WG0esDk8m",1,@bbc
-0.3859,Tue Mar 20 18:33:01 +0000 2018,0.768,0.16,0.071,"Can you watch this without laughing? üòπüîä You'll want your sound on for this! #InternationalDayOfHappiness

https://t.co/vA5yr0PCC5",2,@bbc
0.34,Tue Mar 20 17:33:03 +0000 2018,0.738,0.102,0.16,"Professor Stephen Hawking's funeral will take place in Cambridge - ""the city that he loved so much and which loved‚Ä¶ https://t.co/LHh0Nfeh6U",3,@bbc
0.0,Tue Mar 20 17:03:01 +0000 2018,1.0,0.0,0.0,"Un-bee-lievable! üêùüòç Meet the woman who kept a bee as a pet. 
https://t.co/5zRxWpSGOH",4,@bbc
0.0,Tue Mar 20 16:05:04 +0000 2018,1.0,0.0,0.0,"Arise, Sir Ringo! üéñüé∂@thebeatles drummer @ringostarrmusic has been knighted for his services to music.‚Ä¶ https://t.co/OQLixgO2Zi",5,@bbc
0.0,Tue Mar 20 15:33:03 +0000 2018,1.0,0.0,0.0,The first polar bear cub to be born in the UK for 25 years has emerged from his den at Scotland's Highland Wildlife‚Ä¶ https://t.co/WZLoy2mz7y,6,@bbc
0.4084,Tue Mar 20 15:03:02 +0000 2018,0.868,0.0,0.132,"'Everybody has a voice'. ‚ù§Ô∏èÔ∏èüé∂

Rugby legends JPR Williams and JJ Williams visit @FMNChorus and the BBC National Cho‚Ä¶ https://t.co/myuIpumZnL",7,@bbc
0.6369,Tue Mar 20 14:24:06 +0000 2018,0.741,0.0,0.259,üì∏The best pictures from the 2018 Paralympic Winter Games in Pyeongchang: https://t.co/w8dYDPHkAw https://t.co/0SVnupv9rB,8,@bbc
0.0,Tue Mar 20 14:03:04 +0000 2018,1.0,0.0,0.0,Prince Harry and Meghan Markle have chosen an organic lemon and elderflower cake for their wedding in May. üç∞üçãüíç‚Ä¶ https://t.co/H7dWlxmYcR,9,@bbc
0.2235,Tue Mar 20 13:16:25 +0000 2018,0.881,0.0,0.119,"RT @BBCWalesNews: üéüüéûüçøCinema makes maths class an offer they can't refuse
Full story: https://t.co/Uwg6NTRFVF https://t.co/hr4dglHIu3",10,@bbc
-0.4023,Tue Mar 20 13:02:01 +0000 2018,0.838,0.162,0.0,"People always have an opinion. üôÑüòÇ Here's why @AlanCarr doesn't trust TripAdvisor reviews. #LiveAtTheApollo 

https://t.co/PvF6K9hYMI",11,@bbc
0.6114,Tue Mar 20 11:03:23 +0000 2018,0.818,0.0,0.182,"From a spot of spring cleaning to rolling cheese down a hill... üï∏üßÄüå±

Here are nine ways to celebrate spring!‚Ä¶ https://t.co/ujBmBsHast",12,@bbc
-0.6369,Tue Mar 20 10:30:04 +0000 2018,0.636,0.271,0.093,"Sudan, the world's last surviving male northern white rhino has died after months of ill health. üíîü¶è‚Ä¶ https://t.co/BnYne3cI2L",13,@bbc
0.3642,Tue Mar 20 10:04:02 +0000 2018,0.827,0.0,0.173,"This #InternationalDayOfHappiness, let's all try to be a little more like @chessmartinez. üòäüëè#LiveAtTheApollo 

https://t.co/VddL8zWJfS",14,@bbc
0.0,Tue Mar 20 09:49:33 +0000 2018,1.0,0.0,0.0,"RT @BBCOne: They've finally quacked the case.

https://t.co/eq4dLcauhe",15,@bbc
-0.3182,Tue Mar 20 09:49:23 +0000 2018,0.683,0.19,0.127,"RT @BBCEarth: Sudan‚Äôs death leaves just two females of the subspecies alive in the world 
https://t.co/kCpRCxFaFY",16,@bbc
0.25,Tue Mar 20 09:49:10 +0000 2018,0.78,0.087,0.133,RT @bbcthree: RuPaul is the first drag queen to get a Hollywood star. Sissy that Walk of Fame.  https://t.co/SmqOPQizh3 https://t.co/hWb1Xm‚Ä¶,17,@bbc
0.0,Tue Mar 20 09:49:02 +0000 2018,1.0,0.0,0.0,"RT @BBCBreakfast: ‚ùÑÔ∏è‚ùÑÔ∏èBBRRR....Could it be the coldest day yet for the Spring Equinox?
Let us know what temp it is where you are today.  #S‚Ä¶",18,@bbc
0.4939,Tue Mar 20 09:32:02 +0000 2018,0.814,0.0,0.186,"Meet Bumblebee and Gnat, two adorable badger cubs being raised at an animal sanctuary. üòç
https://t.co/Ihami0VtL0",19,@bbc
0.0,Tue Mar 20 09:03:04 +0000 2018,1.0,0.0,0.0,Spring is here! But what is the #SpringEquinox? üå∫üåªüå∏üå±https://t.co/RiWP3PC7Yo https://t.co/FIKocYFP6C,20,@bbc
0.0,Tue Mar 20 08:25:06 +0000 2018,1.0,0.0,0.0,Five times Beyonce and Jay-Z‚Äôs daughter Blue Ivy outshone her parents. ‚≠êÔ∏è https://t.co/JaNAzsofOm https://t.co/DnoyApY0yL,21,@bbc
0.0,Tue Mar 20 08:03:03 +0000 2018,1.0,0.0,0.0,Traditional Highland Games sports such as tossing the caber and tug-of-war are to be taught in PE lessons. üèÜ‚Ä¶ https://t.co/jv5wlpmlyT,22,@bbc
-0.3818,Mon Mar 19 19:33:04 +0000 2018,0.89,0.11,0.0,"Follow the dramatic and deadly series of events that took place at two funerals in Belfast in March 1988. 

The Fun‚Ä¶ https://t.co/y3MZaR8hsi",23,@bbc
0.1531,Mon Mar 19 18:33:05 +0000 2018,0.709,0.116,0.175,"Leonardo DiCaprio stars in the true story of a con man who cashed fake cheques worth millions. 

Catch Me If You Ca‚Ä¶ https://t.co/HWShPj9ngi",24,@bbc
-0.1027,Mon Mar 19 18:03:01 +0000 2018,0.92,0.08,0.0,"üòÇüì∏ @AlanCarr learned the hard way that you only get one shot at a school photo. #LiveAtTheApollo 

https://t.co/fv5JmcRgz4",25,@bbc
0.0,Mon Mar 19 17:30:08 +0000 2018,1.0,0.0,0.0,üé§Pop band @FifthHarmony have announced they're taking a break to pursue solo careers üé∂https://t.co/tLOR7h1gZy https://t.co/5c77Cfjfp6,26,@bbc
-0.7096,Mon Mar 19 17:00:05 +0000 2018,0.442,0.414,0.144,"Murder. Innocence. Lies. 

@AgathaChristie classic, #OrdealByInnocence, comes to @BBCOne soon.
https://t.co/qfJThHowXC",27,@bbc
0.0,Mon Mar 19 16:33:29 +0000 2018,1.0,0.0,0.0,Here are the latest snow scenes from around the UK. ‚ùÑÔ∏èüì∏ https://t.co/eTBGkQ4MPU https://t.co/txRHxkOn5C,28,@bbc
0.0,Mon Mar 19 15:02:02 +0000 2018,1.0,0.0,0.0,'Flabbergasted'. üé∂This is the incredible moment when eight London teenagers heard a live opera singer for the first‚Ä¶ https://t.co/jNki4Z61SE,29,@bbc
0.0,Mon Mar 19 14:30:08 +0000 2018,1.0,0.0,0.0,"Meet the dancing slum kids tipped for stardom by Rihanna üé∂
https://t.co/R61fzQGIzd https://t.co/wGcvBKmdaZ",30,@bbc
0.6588,Mon Mar 19 13:44:55 +0000 2018,0.788,0.0,0.212,"RT @bbcgetinspired: The Nation's Billion Steps Challenge is here! üôå 

Yesterday we did an amazing 431 million steps ‚Äì can we do even better‚Ä¶",31,@bbc
-0.3412,Mon Mar 19 13:03:04 +0000 2018,0.888,0.112,0.0,"üí≠ ""There's always that voice in the back of your head that says you're not good enough"". 

 üí™ @CarrieHFletcher on b‚Ä¶ https://t.co/0AsBxFFiQA",32,@bbc
0.0,Mon Mar 19 12:55:17 +0000 2018,1.0,0.0,0.0,RT @BBCRadioScot: This must have been some buzz! üêùüêùüêù https://t.co/0gqtbQBN1i,33,@bbc
0.0,Mon Mar 19 12:30:05 +0000 2018,1.0,0.0,0.0,Where are the UK's youngest and oldest city populations? https://t.co/eIU7UzqHBS https://t.co/vdXMTDluuX,34,@bbc
-0.0516,Mon Mar 19 11:50:58 +0000 2018,0.893,0.107,0.0,RT @BBCSport: This 102-shot badminton rally will leave you exhausted... https://t.co/LFC4r4iwiz,35,@bbc
0.4588,Mon Mar 19 11:33:04 +0000 2018,0.857,0.0,0.143,"Have you got a passion for plants? üåøüå∏üå±üçÉüå∑

Test your knowledge of all things foliage in this quiz. üëâ‚Ä¶ https://t.co/evogV5ljAc",36,@bbc
0.0,Mon Mar 19 10:53:19 +0000 2018,1.0,0.0,0.0,"RT @BBCSport: üéâ The Commonwealth Games are almost upon us! üéâ

Scotland's Lynsey Sharp has given us the inside track on preparing for succes‚Ä¶",37,@bbc
0.5106,Mon Mar 19 10:33:03 +0000 2018,0.837,0.0,0.163,The oldest dog that the Dogs Trust has ever looked after has been given a new home. ‚ù§Ô∏èÔ∏èüê∂https://t.co/h0WQHkfMEf https://t.co/ixb7gesOIj,38,@bbc
-0.3818,Mon Mar 19 09:58:24 +0000 2018,0.809,0.191,0.0,"RT @BBCR1: Desperately searching for any signs of spring like... üå∏

#MondayMotivation https://t.co/9jo3h4C7bu",39,@bbc
0.4199,Mon Mar 19 09:58:15 +0000 2018,0.843,0.0,0.157,"RT @BBCRadioWales: ‚ùÑÔ∏è Snowy Cardiff! ‚õÑÔ∏è 

What‚Äôs it like for you?

#ButePark 
#Cardiff 
#MiniBeast
#Snow https://t.co/O8gY1qjHVE",40,@bbc
0.0,Mon Mar 19 09:58:10 +0000 2018,1.0,0.0,0.0,"RT @BBCNews: Stem cell transplant ""game changer"" for MS patients https://t.co/BGWtdtXUAP",41,@bbc
0.128,Mon Mar 19 09:57:58 +0000 2018,0.789,0.079,0.133,RT @BBCBreakfast: Anyone want to play a game of spot Tracey's feet? Our floor manager Tracey had to dive behind the sofa to avoid being on‚Ä¶,42,@bbc
0.3642,Mon Mar 19 09:32:02 +0000 2018,0.848,0.0,0.152,"'Who wants a normal life?' We should all be a little more like @chessmartinez. üëèüíñ #LiveAtTheApollo

https://t.co/VddL8zWJfS",43,@bbc
0.0,Mon Mar 19 09:27:50 +0000 2018,1.0,0.0,0.0,"RT @BBCWthrWatchers: Some incredible photos sent in last night of the #Auroraborealis from Skye Woody, Cumbrian stargazer and DJStewie.  Di‚Ä¶",44,@bbc
0.5994,Mon Mar 19 08:45:02 +0000 2018,0.738,0.0,0.262,Beautiful spring blossom in south-west China has been captured by drone https://t.co/WTo7JjiKXw,45,@bbc
-0.296,Mon Mar 19 08:02:00 +0000 2018,0.891,0.109,0.0,"ü§î Should we still be worried about the hole in the ozone layer?

üå§ @SimonOKing and @clarenasir investigate in their‚Ä¶ https://t.co/SZV3Df9y0t",46,@bbc
0.0,Sun Mar 18 20:30:11 +0000 2018,1.0,0.0,0.0,"üèÉüí™ @LesDennis, @SimplySusannah, @Tameka_Empson and Miles Jupp embark on a muscle-grinding mission to regain their f‚Ä¶ https://t.co/B1rXaalmk2",47,@bbc
0.0258,Sun Mar 18 20:03:04 +0000 2018,0.824,0.086,0.09,üëéüíå Fans of K-Pop boyband member @IBGDRGN have been asked to stop sending fan mail to the army base where he's doing‚Ä¶ https://t.co/ojtDZ3gMfb,48,@bbc
0.5994,Sun Mar 18 19:33:04 +0000 2018,0.803,0.0,0.197,"Saoirse Ronan stars as Eilis, a young girl who jumps at the chance of a better life when she emigrates to New York.‚Ä¶ https://t.co/NtHAfh6cjZ",49,@bbc
-0.5994,Sun Mar 18 18:44:02 +0000 2018,0.837,0.163,0.0,"Ruth Ellis was only 28 when she became the last woman hanged to death in the UK. 

#TheRuthEllisFiles | Watch on‚Ä¶ https://t.co/5kUIFtom7t",50,@bbc
0.204,Sun Mar 18 18:34:14 +0000 2018,0.772,0.077,0.151,"RT @BBC_TopGear: 840bhp goes a little like this‚Ä¶

@Matt_LeBlanc takes the Dodge Challenger SRT #Demon to the drag strip in this Sunday‚Äôs @T‚Ä¶",51,@bbc
0.7331,Sun Mar 18 17:18:12 +0000 2018,0.66,0.0,0.34,"RT @bbcthree: Be honest, do you think you'll be this fit at 81? https://t.co/Eca0uGCF6b",52,@bbc
0.0,Sun Mar 18 17:04:03 +0000 2018,1.0,0.0,0.0,"üçéüóë How much food do you throw away? If you're a typical Brit, you probably think it's hardly any.

You're in denial‚Ä¶ https://t.co/0bSCbRrZJr",53,@bbc
0.0,Sun Mar 18 16:33:17 +0000 2018,1.0,0.0,0.0,"‚ù§Ô∏èÔ∏èüì∏Zun Lee wants his photography to give a balanced and nuanced portrayal of black fatherhood.

üëâ‚Ä¶ https://t.co/LodRrr27fd",54,@bbc
0.0,Sun Mar 18 15:41:04 +0000 2018,1.0,0.0,0.0,"ü§∞ A doctor explains why you can get pregnant and give birth without having a baby bump. 
üëâ https://t.co/nVrSpQoTOT https://t.co/iEEOjZdBKL",55,@bbc
0.0772,Sun Mar 18 14:33:07 +0000 2018,0.947,0.0,0.053,RT @BBCEngland: A number of runners have held their own half-marathon in Reading after the official event was called off due to the snowy w‚Ä¶,56,@bbc
0.0,Sun Mar 18 14:28:23 +0000 2018,1.0,0.0,0.0,RT @BBCSport: They‚Äôve done it! Gold for GB‚Äôs Menna Fitzpatrick and Jen Kehoe in the visually impaired slalom at the Winter Paralympics. And‚Ä¶,57,@bbc
0.0,Sun Mar 18 14:18:01 +0000 2018,1.0,0.0,0.0,üì±üöó Why a rise in electric cars could also mean a hike in the cost of your next phone. https://t.co/6i5xFQgRIW,58,@bbc
0.6369,Sun Mar 18 14:08:37 +0000 2018,0.682,0.0,0.318,RT @BBC6Music: ‚úèÔ∏è Which song has the greatest opening line?,59,@bbc
0.3182,Sun Mar 18 13:45:03 +0000 2018,0.905,0.0,0.095,üé§Pop music is awash with those that released one hit album and never followed it up. Here are 7 huge artists that o‚Ä¶ https://t.co/4ukT9drcdG,60,@bbc
0.0,Sun Mar 18 13:00:08 +0000 2018,1.0,0.0,0.0,"üçîüò≤ Would you eat a burger pie?  
#BackInTimeForTea https://t.co/zGWzJwdSlM",61,@bbc
0.0,Sun Mar 18 12:29:50 +0000 2018,1.0,0.0,0.0,RT @BBCOne: If food is the language of love... https://t.co/5hnYovE94o,62,@bbc
-0.4588,Sun Mar 18 11:43:04 +0000 2018,0.833,0.167,0.0,"Ever wondered why David Bowie wore an eye patch?

Strange things artists have worn on stage and the reasons why. 
üëâ‚Ä¶ https://t.co/8zSBXQkLvy",63,@bbc
0.4939,Sun Mar 18 10:30:04 +0000 2018,0.826,0.0,0.174,"üçûü•ñ Want to learn how to bake bread?

These easy to follow recipes and step-by-step videos will have you baking ever‚Ä¶ https://t.co/iXEmj5WJdD",64,@bbc
-0.4215,Sun Mar 18 10:00:08 +0000 2018,0.741,0.259,0.0,"‚ÄúI regret spending ¬£50,000 on my wedding.‚Äù https://t.co/6PxJsDf9dn https://t.co/eJdx7KMmmK",65,@bbc
0.0,Sun Mar 18 09:30:03 +0000 2018,1.0,0.0,0.0,"How to be 20 on the inside, even when you‚Äôre 80 on the outside... https://t.co/KB2mqpkrIB",66,@bbc
0.656,Sun Mar 18 09:19:33 +0000 2018,0.727,0.061,0.212,"RT @BBCNews: Snow and ice are bringing disruption to many parts of the UK - but they're not stopping everyone from having fun üê∂‚ùÑÔ∏è

https://‚Ä¶",67,@bbc
0.0,Sun Mar 18 09:10:02 +0000 2018,1.0,0.0,0.0,"RT @bbc5live: The beast from the east is back ‚ùÑÔ∏èüå®Ô∏è

You've been in touch this morning with your #uksnow pics, here are just a few...

What'‚Ä¶",68,@bbc
0.0,Sat Mar 17 20:02:01 +0000 2018,1.0,0.0,0.0,"These seven celebrities are about to go on the journey of a lifetime... #Pilgrimage
https://t.co/m45UBXJew2",69,@bbc
0.0,Sat Mar 17 19:21:02 +0000 2018,1.0,0.0,0.0,Can we just take a moment to discuss Eddie Redmanyne's coats?https://t.co/odVkhWyRKs,70,@bbc
0.0,Sat Mar 17 18:32:01 +0000 2018,1.0,0.0,0.0,"Ouch! üòÇüî•@GordonRamsay's daughter is hilarious... 
https://t.co/0dqwntX5uj",71,@bbc
0.3612,Sat Mar 17 18:03:04 +0000 2018,0.857,0.0,0.143,"üêú1‚É£2‚É£3‚É£Sir David Attenborough explores whether there is counting in the natural world. 

David Attenborough's Natur‚Ä¶ https://t.co/Q4H4uXR4pt",72,@bbc
0.3182,Sat Mar 17 17:30:07 +0000 2018,0.901,0.0,0.099,One of the writers for The Simpsons has told @BBCNewsbeat Stephen Hawking was such a big fan of the show - he'd sho‚Ä¶ https://t.co/Jjer3V4cYk,73,@bbc
0.4767,Sat Mar 17 17:00:08 +0000 2018,0.785,0.0,0.215,"üéìüìö 'The moment I gave Reese Witherspoon my Legally Blonde dissertation... and yes, it was scented.'
üëâ‚Ä¶ https://t.co/z8x5mqqKoW",74,@bbc
0.0,Sat Mar 17 16:39:39 +0000 2018,1.0,0.0,0.0,RT @BBCWorld: Blossom in south-west China captured by drone https://t.co/gIDKUn1La6,75,@bbc
0.0,Sat Mar 17 15:03:12 +0000 2018,1.0,0.0,0.0,"This year, over 250 landmarks across the globe are going green for #StPatricksDay! üçÄ https://t.co/TlWqU0TXQT https://t.co/i4sW4OaGrQ",76,@bbc
0.0,Sat Mar 17 14:43:43 +0000 2018,1.0,0.0,0.0,"RT @BBCRadio3: ""Even if we found a complete theory of the universe, it wouldn't remove the need for music"" - #StephenHawking
https://t.co/t‚Ä¶",77,@bbc
0.8625,Sat Mar 17 14:00:30 +0000 2018,0.699,0.0,0.301,‚õ∑‚ù§Ô∏è George has autism and other health conditions - but his love of skiing is helping him take on the outside world. https://t.co/kfCzRzkcNY,78,@bbc
0.3628,Sat Mar 17 13:46:15 +0000 2018,0.784,0.073,0.143,"RT @5liveSport: 'My mates didn't know I was playing @realmadrid'

@ManUtd's @carras16 tells @ColinMurray his friends keep him grounded‚Ä¶

'A‚Ä¶",79,@bbc
0.4019,Sat Mar 17 13:00:08 +0000 2018,0.881,0.0,0.119,"Yes, Gary Oldman and @BBCEastEnders' Big Mo are brother and sister. 

But do you know these other celeb family ties‚Ä¶ https://t.co/dtzMwD3nBB",80,@bbc
-0.7244,Sat Mar 17 12:39:41 +0000 2018,0.664,0.336,0.0,"RT @BBCOne: .@NiallOfficial won't let fame get to his head - Ireland won't allow it. 

Happy #StPatricksDay üçÄ https://t.co/OrWR94HStF",81,@bbc
0.5106,Sat Mar 17 12:00:09 +0000 2018,0.643,0.112,0.245,‚ôªÔ∏èüóë This shop encourages you to bring your own container from home to save on single-use plastic waste. https://t.co/TdHJSycKtO,82,@bbc
0.8883,Sat Mar 17 11:30:09 +0000 2018,0.488,0.0,0.512,üáÆüá™ üçÄ Celebrate #StPatricksDay in true Irish style with these delicious recipes! üëâhttps://t.co/2MCMlz6K0B https://t.co/k18P3Syx2N,83,@bbc
0.6249,Sat Mar 17 11:03:05 +0000 2018,0.796,0.0,0.204,From scrambled eggs to chilli-spiced crisps: here are six great ways to cook with kale. üòãüëâhttps://t.co/lqKD1h83Iv https://t.co/yWESBJm62q,84,@bbc
0.6996,Sat Mar 17 10:14:25 +0000 2018,0.658,0.066,0.276,RT @BBCTwo: Happy #StPatricksDay! Check out what's lurking beneath the calm waters of Ireland's west coast... üáÆüá™ü¶à https://t.co/6MQgyLTlIr,85,@bbc
0.0,Sat Mar 17 10:00:02 +0000 2018,1.0,0.0,0.0,"üé∂üê¶ Did you know that bullfinches can learn to sing a tune by mimicking humans?

üîä Sound on for this one!  https://t.co/44OFulioZp",86,@bbc
-0.7717,Sat Mar 17 09:39:19 +0000 2018,0.749,0.251,0.0,"RT @BBCEngland: Stephen Hawking's PhD thesis has been viewed 250,000 times online since news of his death broke on Wednesday, the Universit‚Ä¶",87,@bbc
0.6369,Sat Mar 17 09:00:06 +0000 2018,0.714,0.0,0.286,"Ready to get active?
üèÉ Here are 5 ways you can get involved in #SportRelief2018. 
üëâ https://t.co/wmKUWBDBjp https://t.co/xr7g5Hw4PK",88,@bbc
0.7783,Fri Mar 16 19:38:34 +0000 2018,0.726,0.0,0.274,"RT @BBCR1: This guy just raised over a million pounds for @sportrelief üôåüèª

Congratulations on completing a truly mammoth task @gregjames, w‚Ä¶",89,@bbc
0.4926,Fri Mar 16 18:31:01 +0000 2018,0.61,0.0,0.39,üí™üò≤‚öΩÔ∏è Keepy-uppy the good work! https://t.co/lFtKEBxjNJ,90,@bbc
0.5719,Fri Mar 16 17:00:25 +0000 2018,0.791,0.0,0.209,‚ù§Ô∏èüéß Bradley has never let Asperger's hold him back from doing what he loves. https://t.co/5JFvIXeDSZ,91,@bbc
0.0,Fri Mar 16 16:30:01 +0000 2018,1.0,0.0,0.0,"Running for the door on a Friday afternoon like...
#FridayFeeling https://t.co/optoQcK1TV",92,@bbc
0.0,Fri Mar 16 16:00:00 +0000 2018,1.0,0.0,0.0,üîäüéµJarvis Cocker describes the dream-like experience of visiting La Monte Young's Dreamhouse.‚Ä¶ https://t.co/O9u7sPRL5m,93,@bbc
0.0,Fri Mar 16 14:25:15 +0000 2018,1.0,0.0,0.0,"RT @BBCR1: The gruelling task of climbing Ben Nevis in underway for @gregjames after cycling 180 miles in a day and a half!

Don't know abo‚Ä¶",94,@bbc
0.34,Fri Mar 16 14:00:13 +0000 2018,0.841,0.0,0.159,Prepare to get that warm fuzzy feeling - the man who photobombed his wife 11 years before he met her:‚Ä¶ https://t.co/iZBJ8dEKhz,95,@bbc
0.6124,Fri Mar 16 12:59:01 +0000 2018,0.667,0.0,0.333,ü§îüé® Why are soap bubbles such gorgeous colours? https://t.co/ppaXTcvWRZ,96,@bbc
0.3612,Fri Mar 16 12:38:40 +0000 2018,0.902,0.0,0.098,"RT @BBCNewsPR: Get ready to make the headlines. 

Try out our new BBC iReporter game, putting you in the heart of the newsroom #BBCSchoolRe‚Ä¶",97,@bbc
-0.6486,Fri Mar 16 12:00:04 +0000 2018,0.762,0.238,0.0,"üòÇ Fights, funerals, and giant furry heads... @BBCThree lifts the lid on the lives of English football's mascots
üëâ‚Ä¶ https://t.co/gEYxoetlah",98,@bbc
0.5574,Fri Mar 16 10:45:24 +0000 2018,0.841,0.0,0.159,"RT @BBCRadio2: It's with a heavy heart that today we announce, after 18 fantastic years, @realLynnBowles is leaving Radio 2. üò¢

@realkenbru‚Ä¶",99,@bbc
0.5106,Tue Mar 20 20:00:01 +0000 2018,0.858,0.0,0.142,The legendary @Reba returns to host the 53rd #ACMawards and she‚Äôs proving just how comfortable she is behind the mi‚Ä¶ https://t.co/XPXcSPRXqC,0,@cbs
0.0,Tue Mar 20 17:58:43 +0000 2018,1.0,0.0,0.0,RT @nancyodell: Told my daughter I'd be presenting at @ACMawards again this year. (Woot woot!We both luv country music!)She took this pic o‚Ä¶,1,@cbs
0.5562,Tue Mar 20 16:52:42 +0000 2018,0.826,0.0,0.174,RT @ladyantebellum: Ecstatic to announce we'll be performing at the #ACMawards in Las Vegas again this year! https://t.co/Qfhs94j6FR,2,@cbs
0.0,Tue Mar 20 16:11:00 +0000 2018,1.0,0.0,0.0,"Country superstars @kennychesney, @ladyantebellum, @blakeshelton, and @KeithUrban have just been added to the stell‚Ä¶ https://t.co/bJ4If7MacP",3,@cbs
0.7845,Mon Mar 19 21:02:26 +0000 2018,0.619,0.072,0.309,"RT @YandR_CBS: Forever evolving, Forever inspiring, Forever Young and Restless. ‚ù§Ô∏è Get ready to celebrate 45 years of #YR starting in just‚Ä¶",4,@cbs
0.0,Sun Mar 18 23:44:30 +0000 2018,1.0,0.0,0.0,New start times in East/Central Time Zones: #60Minutes 7:37ET/6:37CT #Instinct series premiere 8:37ET/7:37CT‚Ä¶ https://t.co/xT3YKqmu2M,5,@cbs
0.6514,Sun Mar 18 18:05:43 +0000 2018,0.787,0.0,0.213,Spend your Sunday streaming Second Round games LIVE with a FREE trial of CBS All Access! https://t.co/3P85rXLy4b https://t.co/zbWfirD9Ju,6,@cbs
0.1867,Sun Mar 18 17:09:53 +0000 2018,0.92,0.0,0.08,"RT @instinctcbs: TONIGHT, Dr. Dylan Reinhart rewrites the book on abnormal behavior. Don't miss the premiere of #Instinct at 8/7c! https://‚Ä¶",7,@cbs
0.0,Sat Mar 17 19:00:02 +0000 2018,1.0,0.0,0.0,"If any duo knows how to rock the stage, it's @FLAGALine. The Vocal Duo Of The Year nominee will perform live at the‚Ä¶ https://t.co/FknabB8NQp",8,@cbs
0.6166,Sat Mar 17 17:42:43 +0000 2018,0.839,0.0,0.161,How is your bracket looking after last night? Stream Second Round games LIVE today with a FREE trial of CBS All Acc‚Ä¶ https://t.co/25JlIpgwog,9,@cbs
0.7096,Sat Mar 17 14:00:03 +0000 2018,0.753,0.0,0.247,Where better to spend #StPatricksDay than the place everybody knows your name? It‚Äôs just your luck that every singl‚Ä¶ https://t.co/Fom5wmdENL,10,@cbs
0.296,Fri Mar 16 22:53:21 +0000 2018,0.896,0.0,0.104,Stars @JakeMcDorman and Nik Dodani will join the cast in the upcoming revival of Murphy Brown coming to CBS.‚Ä¶ https://t.co/JCAx29lo0i,11,@cbs
0.0,Fri Mar 16 18:15:53 +0000 2018,1.0,0.0,0.0,"RT @thegoodfight: Go behind the scenes with costume designer @DanLawsonStyle in ""Behind The Style,"" a new weekly video series all about the‚Ä¶",12,@cbs
0.6514,Fri Mar 16 16:28:40 +0000 2018,0.822,0.0,0.178,The games have just begun! Continue to stream First Round games LIVE today with a FREE trial of CBS All Access:‚Ä¶ https://t.co/YTGsJ48zYP,13,@cbs
0.7088,Thu Mar 15 17:54:06 +0000 2018,0.763,0.0,0.237,"RT @TheTalkCBS: You asked, we answered! The fun never ends when the ladies #KeepTalking and answer your fan questions üó£üí¨‚û°Ô∏è https://t.co/ie1‚Ä¶",14,@cbs
-0.4939,Thu Mar 15 17:20:26 +0000 2018,0.766,0.157,0.077,RT @instinctcbs: Dr. Dylan Reinhart is lured back into the field from his life of quiet academia when a certain serial killer makes things‚Ä¶,15,@cbs
0.6514,Thu Mar 15 16:42:41 +0000 2018,0.806,0.0,0.194,Stream First Round games LIVE today starting at 12PM ET with a FREE trial of CBS All Access! https://t.co/3P85rXLy4b https://t.co/vZow3YD8cb,16,@cbs
0.6115,Thu Mar 15 14:32:16 +0000 2018,0.734,0.0,0.266,RT @CBSSports: It's the most wonderful time of the year. #MarchMadness https://t.co/e4c9qohqSR,17,@cbs
0.6696,Wed Mar 14 19:30:01 +0000 2018,0.781,0.0,0.219,"Give these ladies some love! @Lauren_Alaina, @DBradbery, @carlypearce, and @RaeLynn are nominated for New Female Vo‚Ä¶ https://t.co/IVhwURfJ3S",18,@cbs
0.3612,Tue Mar 13 18:48:52 +0000 2018,0.857,0.0,0.143,"RT @ManWithAPlan: Hungry for more #ManWithAPlan bloopers and behind-the-scenes videos featuring cast like @matt_leblanc, @thelizasnyder, @k‚Ä¶",19,@cbs
0.539,Tue Mar 13 14:15:10 +0000 2018,0.821,0.0,0.179,"Music stars @MileyCyrus, @edsheeran, @ladygaga, and more will honor the legendary @eltonofficial and his hit songs‚Ä¶ https://t.co/UzxARCCLnI",20,@cbs
0.2244,Mon Mar 12 18:13:28 +0000 2018,0.917,0.0,0.083,RT @thegoodfight: The verdict is in. The new season of #TheGoodFight is üî•üî•üî•! Stream it now on CBS All Access: https://t.co/FkYSNSXlRb https‚Ä¶,21,@cbs
0.0,Mon Mar 12 01:20:43 +0000 2018,1.0,0.0,0.0,"RT @MadamSecretary: In less than an hour, #MadamSecretary's Keith Carradine will be taking over the @MadamSecretary Twitter page! Tweet alo‚Ä¶",22,@cbs
0.4926,Fri Mar 09 22:48:26 +0000 2018,0.883,0.0,0.117,RT @DierksBentley: Take and post a photo of the woman in your life who inspires you daily! Use the hashtag #WomanAmenACM in your post for a‚Ä¶,23,@cbs
0.1275,Fri Mar 09 22:24:20 +0000 2018,0.795,0.092,0.113,"RT @MomCBS: If you missed guest star @KChenoweth in the latest episode of #Mom, not to worry! Watch now: https://t.co/RlvXoGOZ0l https://t.‚Ä¶",24,@cbs
0.4215,Fri Mar 09 21:10:21 +0000 2018,0.823,0.0,0.177,"Give a round of applause to @KelseaBallerini, @MirandaLambert, @Reba, @MarenMorris, and @CarrieUnderwood, the five‚Ä¶ https://t.co/Ncp1BTXx6N",25,@cbs
0.8658,Fri Mar 09 18:27:28 +0000 2018,0.553,0.0,0.447,"RT @thegoodfight: Smart, sexy, and sophisticated. See what's coming this season on #TheGoodFight. https://t.co/CuKhx2G50P https://t.co/ygTI‚Ä¶",26,@cbs
0.0,Fri Mar 09 16:02:27 +0000 2018,1.0,0.0,0.0,RT @BlueBloods_CBS: Even stand-up guys fall down sometimes. #BlueBloods is new tonight at 10/9c! https://t.co/UOlDm22wWW,27,@cbs
0.8625,Thu Mar 08 18:00:49 +0000 2018,0.664,0.0,0.336,Today and every day we celebrate the women in our lives who empower and inspire us. Share a story about an¬†influent‚Ä¶ https://t.co/9rVtqrElvT,28,@cbs
0.4926,Thu Mar 08 17:03:04 +0000 2018,0.868,0.0,0.132,Take and post a photo of the woman in your life who inspires you daily! Use the hashtag #WomanAmenACM in your post‚Ä¶ https://t.co/7ShhvE48zy,29,@cbs
-0.2023,Wed Mar 07 18:39:10 +0000 2018,0.619,0.23,0.15,"RT @thegoodfight: Meticulously constructed. Soapy &amp; sexy. Intoxicating, savage television. üî• Here's what critics are saying about #TheGoodF‚Ä¶",30,@cbs
0.0,Wed Mar 07 17:06:02 +0000 2018,1.0,0.0,0.0,"This just in! @Jason_Aldean, @mirandalambert, @LukeBryanOnline, and many more are set to perform at the 53rd Academ‚Ä¶ https://t.co/mfxw2VxzU4",31,@cbs
0.6705,Tue Mar 06 18:10:59 +0000 2018,0.756,0.0,0.244,"Meet the ensemble of talented actors slated to join $1, a new mystery series coming to CBS All Access:‚Ä¶ https://t.co/QoyYv7vxwg",32,@cbs
0.3818,Mon Mar 05 22:16:43 +0000 2018,0.833,0.0,0.167,"Will @Jason_Aldean, @garthbrooks, @LukeBryanOnline, @ChrisStapleton, or @KeithUrban be named Entertainer Of The Yea‚Ä¶ https://t.co/rMD8zjeX3s",33,@cbs
0.4404,Sun Mar 04 08:05:26 +0000 2018,0.884,0.0,0.116,"RT @thegoodfight: It feels good to be back. üë†üíÑüî• The season 2 premiere of #TheGoodFight is now streaming, exclusively on CBS All Access: htt‚Ä¶",34,@cbs
0.0,Sat Mar 03 20:55:20 +0000 2018,1.0,0.0,0.0,"RT @thegoodfight: Tomorrow, #TheGoodFight is back. Stream the season 2 premiere only on CBS All Access: https://t.co/tNFR8LBJO2 https://t.c‚Ä¶",35,@cbs
0.7096,Fri Mar 02 22:30:01 +0000 2018,0.753,0.0,0.247,"Who are the trailblazing women in your life that inspire you? Join CBS and the ANA's #SeeHer initiative, celebratin‚Ä¶ https://t.co/M0KqZ41Bes",36,@cbs
0.7096,Fri Mar 02 20:30:01 +0000 2018,0.718,0.0,0.282,"Join @maria_bello, @aishatyler and @TeaLeoni in celebrating the accomplishments of women who have contributed to th‚Ä¶ https://t.co/MefESBeFL3",37,@cbs
0.4939,Fri Mar 02 18:45:00 +0000 2018,0.849,0.0,0.151,"In honor of Women's History Month, CBS and the Association of National Advertisers' (ANA) #SeeHer initiative will p‚Ä¶ https://t.co/2wtYxKJVuO",38,@cbs
-0.6981,Thu Mar 01 18:59:01 +0000 2018,0.79,0.21,0.0,RT @ZoeListerJones: Tonight‚Äôs an all new Life In Pieces and it‚Äôs directed by my ride or die @nataliaanderson!!!‚Ä¶ https://t.co/2LPfmyLWrY,39,@cbs
0.4547,Thu Mar 01 18:12:57 +0000 2018,0.749,0.092,0.159,"RT @MarenMorris: Hot damn! Woke up from my post-wisdom teeth haze to find out I‚Äôm up for 4 @ACMawards ! So honored, especially for the Dear‚Ä¶",40,@cbs
0.8591,Thu Mar 01 18:11:50 +0000 2018,0.462,0.0,0.538,RT @KelseaBallerini: Ohhhhh goodness. Incredible. Thank you thank you thank you. #female https://t.co/1ZTYjNfQeF,41,@cbs
0.4885,Thu Mar 01 18:10:50 +0000 2018,0.615,0.151,0.234,RT @KeithUrban: ACMs...... HOLY SMOKES!!!!! MAD LOVE TO U ALL THIS MORNING  FOR THESE INCREDIBLE NOMINATIONS. I‚ÄôM EXTREMELY GRATEFUL!!!!!!!‚Ä¶,42,@cbs
0.5994,Thu Mar 01 14:36:21 +0000 2018,0.822,0.0,0.178,"RT @ACMawards: Congratulations to this year‚Äôs #ACMawards Video of the Year nominees:
‚ÄúBlack‚Äù - @DierksBentley
‚ÄúIt Ain‚Äôt My Fault‚Äù - @Brothe‚Ä¶",43,@cbs
0.7717,Thu Mar 01 14:29:20 +0000 2018,0.675,0.0,0.325,"RT @ACMawards: Please give a round of applause to this year‚Äôs #ACMawards Entertainer of the Year nominees: @Jason_Aldean, @GarthBrooks, @Lu‚Ä¶",44,@cbs
0.6908,Thu Mar 01 14:15:29 +0000 2018,0.725,0.0,0.275,".@ChrisStapleton, @ThomasRhett, @mirandalambert and more are all nominated for awards at Country Music's Party of t‚Ä¶ https://t.co/Vm1vXRUDYJ",45,@cbs
0.0,Thu Mar 01 13:50:11 +0000 2018,1.0,0.0,0.0,"The Queen of Country, @Reba, is returning to host the 53rd #ACMawards on Sunday, April 15 at 8/7c. Here are a few o‚Ä¶ https://t.co/Iqzz6Gql01",46,@cbs
0.0,Thu Mar 01 01:04:52 +0000 2018,1.0,0.0,0.0,RT @survivorcbs: It‚Äôs time! #Survivor https://t.co/YPk6cGWrUA,47,@cbs
0.0,Wed Feb 28 19:56:58 +0000 2018,1.0,0.0,0.0,"RT @CBSThisMorning: TOMORROW: The nominees for the 2018 @ACMawards will be announced live by the one-and-only, @Reba! 

Watch on @CBS in ou‚Ä¶",48,@cbs
0.4404,Wed Feb 28 19:08:30 +0000 2018,0.884,0.0,0.116,"RT @thegoodfight: From the set design and costumes to hair and makeup, the production quality is truly next-level. Take a peek inside the u‚Ä¶",49,@cbs
0.5562,Tue Feb 27 03:23:47 +0000 2018,0.848,0.0,0.152,RT @LivinBiblically: The fun continues on Facebook! The #LivingBiblically cast is live to talk about tonight‚Äôs premiere. Tune in here: http‚Ä¶,50,@cbs
0.0,Mon Feb 26 22:50:32 +0000 2018,1.0,0.0,0.0,"RT @KevinCanWaitCBS: Can you get all the way through these #KevinCanWait bloopers without laughing?! @KevinJames,@LeahRemini and the rest o‚Ä¶",51,@cbs
0.0,Mon Feb 26 21:08:30 +0000 2018,1.0,0.0,0.0,"RT @ACMawards: That‚Äôs right! @Reba is headed to @CBSThisMorning on Thursday, March 1 to announce this year‚Äôs #ACMAwards' nominees. Tune in‚Ä¶",52,@cbs
0.4482,Mon Feb 26 19:53:41 +0000 2018,0.895,0.0,0.105,"RT @ScorpionCBS: You can't hack your way to a 197 IQ, but you are well on your way with these Genius Facts from #TeamScorpion! üíª You can be‚Ä¶",53,@cbs
0.784,Mon Feb 26 18:32:36 +0000 2018,0.734,0.0,0.266,RT @SuperiorDonuts: You can always count on @DavidKoechner for a laugh! Did your favorite Tush moment make the list? Catch a new #SuperiorD‚Ä¶,54,@cbs
0.9359,Mon Feb 26 18:20:16 +0000 2018,0.571,0.0,0.429,RT @TheTalkCBS: TODAY: We loved them together then &amp; we love seeing them together now! Welcome back to the show @THESaraGilbert‚Äã's good fri‚Ä¶,55,@cbs
-0.5423,Mon Feb 26 16:53:56 +0000 2018,0.816,0.184,0.0,"RT @thegoodfight: As foundations begin to crumble, our characters struggle to make sense of this new dystopian world. The cast teases what'‚Ä¶",56,@cbs
0.0,Mon Feb 26 16:52:01 +0000 2018,1.0,0.0,0.0,"#LivingBiblically's @linzkraft and @jrfergjr appeared on @KCBS's Facebook Live this morning, talking all about what‚Ä¶ https://t.co/4RebcHuuMQ",57,@cbs
0.0,Mon Feb 26 16:17:55 +0000 2018,1.0,0.0,0.0,"RT @CBSSports: Introducing CBS Sports HQ, a New 24/7 Direct-to-Consumer Streaming Network for Sports News, Highlights, &amp; Analysis.

Stream‚Ä¶",58,@cbs
0.7644,Mon Feb 26 01:12:32 +0000 2018,0.769,0.0,0.231,"RT @CBSBigBrother: It‚Äôs down to the final 5 celebrity Houseguests, and anyone could take home the grand prize! Tune in NOW to watch the #BB‚Ä¶",59,@cbs
0.0,Sun Feb 25 21:51:32 +0000 2018,1.0,0.0,0.0,RT @startrekcbs: Binge the entire first season of #StarTrekDiscovery. All episodes now streaming exclusively on CBS All Access: https://t.c‚Ä¶,60,@cbs
0.0,Sun Feb 25 21:51:22 +0000 2018,1.0,0.0,0.0,"RT @thegoodfight: #TheGoodFight returns in 1 week. Season 2 premieres Sunday, March 4. https://t.co/nomCao1GWp https://t.co/BOn6bOe9Tb",61,@cbs
0.5093,Fri Feb 23 18:15:40 +0000 2018,0.845,0.0,0.155,RT @thegoodfight: This is our new favorite thing. Christine Baranski debuted #TheGoodFight the Musical on @colbertlateshow last night! üéµüé§‚Ä¶,62,@cbs
0.0,Thu Feb 22 19:26:52 +0000 2018,1.0,0.0,0.0,"RT @LivinBiblically: Confession time: have YOU ever hit the ""close door"" button in an elevator while somebody was approaching? The cast of‚Ä¶",63,@cbs
0.0,Wed Feb 21 19:20:04 +0000 2018,1.0,0.0,0.0,RT @CBSEyeSpeak: Mark your calendars! #CBSEyeSpeak kicks off March 14 with The EYE Speak Summit. Follow our page for more details! https://‚Ä¶,64,@cbs
0.6808,Wed Feb 21 18:19:25 +0000 2018,0.752,0.0,0.248,"RT @CBSEyeSpeak: Proud to announce a new CBS initiative, promoting female empowerment and developing the next generation of leaders through‚Ä¶",65,@cbs
0.4404,Tue Feb 20 19:55:19 +0000 2018,0.884,0.0,0.116,"RT @LivinBiblically: When you're living by the Bible, it's good to have a priest and a rabbi on call (provided they answer their phones, th‚Ä¶",66,@cbs
-0.4019,Tue Feb 20 17:58:18 +0000 2018,0.881,0.119,0.0,"RT @thegoodfight: Chicago lawyers are being hunted and the world is going insane. 

The new season of #TheGoodFight premieres Sunday, March‚Ä¶",67,@cbs
0.3612,Tue Feb 20 17:39:51 +0000 2018,0.872,0.0,0.128,Ready for some larger than life competition? This new series from @MarkBurnettTV will premiere in summer 2018.‚Ä¶ https://t.co/gDXHLdIJ5v,68,@cbs
0.6124,Sat Feb 17 01:07:20 +0000 2018,0.773,0.0,0.227,"With tournament dreams on the line, make sure to stream these college basketball matchups on CBS All Access:‚Ä¶ https://t.co/SGkYUZrQWB",69,@cbs
0.3182,Fri Feb 16 18:42:43 +0000 2018,0.892,0.0,0.108,"RT @LivinBiblically: While Chip's sticking to the Bible's original rules, the cast of #LivingBiblically has given them a more modern makeov‚Ä¶",70,@cbs
0.68,Fri Feb 16 17:48:20 +0000 2018,0.752,0.0,0.248,"Casting News! Peter Mark Kendall, Michael Gaston, Greg Wise, Rade ≈†erbed≈æija, Zack Pearlman, and Keye Chen join the‚Ä¶ https://t.co/GFob2KrD8H",71,@cbs
0.8619,Wed Feb 14 19:23:27 +0000 2018,0.534,0.0,0.466,RT @BullCBS: The verdict is in...#Bull is the perfect Valentine! ‚ù§Ô∏è Happy #ValentinesDay! https://t.co/poEejI4AnC,72,@cbs
0.0,Tue Feb 13 20:03:56 +0000 2018,1.0,0.0,0.0,"RT @NoActivityCBS: Car 27 reporting: Season 2 of #NoActivity coming soon!

Binge season one now on CBS All Access: https://t.co/yvxoQMeyhN‚Ä¶",73,@cbs
0.7506,Tue Feb 13 18:54:52 +0000 2018,0.748,0.0,0.252,"RT @LivinBiblically: Against all odds (and the advice of his God Squad), Chip is determined to live life by the Good Book. Think you could‚Ä¶",74,@cbs
0.0,Mon Feb 12 18:49:45 +0000 2018,1.0,0.0,0.0,RT @thegoodfight: Christine Baranski reflects upon the spectacular metamorphosis of her character in #TheGoodFight's first season. Revisit‚Ä¶,75,@cbs
0.0,Mon Feb 12 01:32:33 +0000 2018,1.0,0.0,0.0,RT @startrekcbs: Binge the entire first season of #StarTrekDiscovery. All 15 episodes now streaming on CBS All Access: https://t.co/lKLaptP‚Ä¶,76,@cbs
0.8478,Fri Feb 09 00:50:01 +0000 2018,0.696,0.0,0.304,RT @SuperiorDonuts: Looking for a #Valentine? Tush is here to help you land your dream date just in time for the day of love! #SuperiorDonu‚Ä¶,77,@cbs
-0.5859,Thu Feb 08 16:09:35 +0000 2018,0.814,0.186,0.0,RT @CBSBigBrother: The pressure is on as the Houseguests battle each other for victory in the first HOH competition. Stream the season prem‚Ä¶,78,@cbs
0.0516,Wed Feb 07 18:35:19 +0000 2018,0.934,0.0,0.066,"RT @startrekcbs: Sunday, this season's epic journey reaches its final reckoning. Catch up before the season finale: https://t.co/4Ea5wpmAep‚Ä¶",79,@cbs
0.5574,Wed Feb 07 16:17:48 +0000 2018,0.536,0.152,0.312,"Are you a sucker for jaw-dropping talent competitions? Announcing The World's Best, a first-of-its-kind new global‚Ä¶ https://t.co/fagCMklm2Z",80,@cbs
0.0,Tue Feb 06 22:21:39 +0000 2018,1.0,0.0,0.0,"RT @BullCBS: Tonight, one of these 3 TAC employees will end up incarcerated. Who do you think it will be? Tune into a new episode of #Bull‚Ä¶",81,@cbs
0.0772,Tue Feb 06 17:05:49 +0000 2018,0.773,0.106,0.121,"RT @thegoodfight: There's no season like lawyer season. #TheGoodFight returns March 4, exclusively on CBS All Access. https://t.co/XAlrg1nB‚Ä¶",82,@cbs
0.0,Sun Feb 04 15:35:36 +0000 2018,1.0,0.0,0.0,"RT @thegoodfight: The acclaimed series returns in 1 month. #TheGoodFight is back Sunday, March 4. https://t.co/5BNLTYRd8p https://t.co/yInP‚Ä¶",83,@cbs
0.1531,Sun Feb 04 12:00:01 +0000 2018,0.882,0.0,0.118,".@KeshaRose's emotional performance with @CyndiLauper, @AndraDayMusic, @BebeRexha and @Camila_Cabello brought the a‚Ä¶ https://t.co/qpgS2e9ir0",84,@cbs
0.0,Sat Feb 03 23:11:43 +0000 2018,1.0,0.0,0.0,Broadway legend Patti LuPone paid tribute to Sir Andrew Lloyd Webber with a show-stopping rendition of the iconic s‚Ä¶ https://t.co/GxqLtUzhFP,85,@cbs
0.8268,Sat Feb 03 12:00:07 +0000 2018,0.662,0.0,0.338,"Relive an entire night's worth of big wins, live performances and many more inspiring moments from The 60th Annual‚Ä¶ https://t.co/CH7mJ4Y3QT",86,@cbs
-0.0772,Fri Feb 02 22:36:13 +0000 2018,0.925,0.075,0.0,RT @swatcbs: ‚ú®@TheTalkCBS' @TheRealEve and @ShemarMoore brought some serious heat to the GRAMMYs red carpet: https://t.co/WYTITKkLQd https:‚Ä¶,87,@cbs
0.4019,Fri Feb 02 20:07:40 +0000 2018,0.856,0.0,0.144,"The all-star collaboration between @Rihanna, @DJKhaled and @brysontiller brought the party to the #GRAMMYs with a s‚Ä¶ https://t.co/jTv5QbtgUp",88,@cbs
0.4003,Fri Feb 02 19:03:33 +0000 2018,0.876,0.0,0.124,RT @TheTalkCBS: All the #redcarpet looks from the 60th annual #GRAMMYs! Did you catch @TheRealEve's sparkly two-piece suit? Diamond accents‚Ä¶,89,@cbs
0.6114,Fri Feb 02 17:23:18 +0000 2018,0.834,0.0,0.166,Go backstage with the celebs and see which stars celebrated the big night together! Here are the moments you missed‚Ä¶ https://t.co/rgQTXRQyLg,90,@cbs
0.0,Thu Feb 01 22:04:41 +0000 2018,1.0,0.0,0.0,üé∂ @DearEvanHansen star Ben Platt gave a soaring performance of a classic Broadway hit. Watch him perform 'Somewhere‚Ä¶ https://t.co/HcuizFWo02,91,@cbs
0.0,Thu Feb 01 20:09:49 +0000 2018,1.0,0.0,0.0,"üé∏ @LittleBigTown, @U2, @BrunoMars and @Pink are just a few of the superstar performers that lit up the stage at The‚Ä¶ https://t.co/2v0MNYMItG",92,@cbs
0.1139,Wed Jan 31 21:42:15 +0000 2018,0.912,0.0,0.088,"Don't miss country stars Emmylou Harris and @ChrisStapleton perform a moving rendition of @TomPetty's classic song,‚Ä¶ https://t.co/GxoIW97XIu",93,@cbs
0.1007,Wed Jan 31 17:05:47 +0000 2018,0.75,0.115,0.135,RT @survivorcbs: Get excited! üôå It‚Äôs finally time to meet the castaways of #Survivor: Ghost Island ‚ò† https://t.co/xQQ8ROhKbM https://t.co/P‚Ä¶,94,@cbs
0.4588,Wed Jan 31 16:37:17 +0000 2018,0.812,0.0,0.188,"Country stars @EricChurch, @BrothersOsborne and @MarenMorris performed a touching tribute dedicated to the victims‚Ä¶ https://t.co/YCIq9i70fd",95,@cbs
0.1779,Wed Jan 31 06:55:30 +0000 2018,0.779,0.095,0.126,Missed the Man vs. Beast #SuperBowlCommercials showdown? Catch up now to find out which entertaining ad was named t‚Ä¶ https://t.co/SlyO0n7yMX,96,@cbs
-0.2263,Wed Jan 31 02:15:16 +0000 2018,0.569,0.252,0.179,"RT @rikimae: Ok, that one makes me cry #superbowlcommercials",97,@cbs
-0.4767,Wed Jan 31 01:58:40 +0000 2018,0.744,0.256,0.0,"If this doesn‚Äôt make you cry, nothing will. #SuperBowlCommercials https://t.co/UjFf3xr4so",98,@cbs
0.4939,Wed Jan 31 01:52:46 +0000 2018,0.625,0.119,0.256,"RT @maverickkr: #superbowlcommercials the frogs were great, I'd forgotten about that one.",99,@cbs
0.0,Tue Mar 20 22:38:03 +0000 2018,1.0,0.0,0.0,"Amy Poehler's directorial debut will have wine and lots of ""SNL"" alums https://t.co/sPCHkb1n1U https://t.co/e4ef3AayV2",0,@cnn
0.0,Tue Mar 20 22:32:07 +0000 2018,1.0,0.0,0.0,The Department of Health and Human Services has not updated the databases that show the public how much money the g‚Ä¶ https://t.co/CRsOm87zuM,1,@cnn
0.4404,Tue Mar 20 22:28:10 +0000 2018,0.828,0.0,0.172,"You can buy a reproduction of the Wall Street ""Fearless Girl"" statue for $6,500 https://t.co/bXrdagLI8z https://t.co/IBP6E0KOxL",2,@cnn
-0.802,Tue Mar 20 22:24:35 +0000 2018,0.661,0.339,0.0,A liberal group staffer was arrested last week and charged with assaulting an aide to Interior Secretary Ryan Zinke‚Ä¶ https://t.co/kgdx2COPuy,3,@cnn
-0.6249,Tue Mar 20 22:10:09 +0000 2018,0.718,0.282,0.0,"3 Trump-related lawsuits: Porn star, Playboy model, harassment accuser | Analysis by CNN's Z. Byron Wolf‚Ä¶ https://t.co/tyE5kM0AKr",4,@cnn
-0.0516,Tue Mar 20 22:05:09 +0000 2018,0.725,0.159,0.116,A family friend who took in the Parkland shooter says she forbid him to bring his guns into her home and warned pol‚Ä¶ https://t.co/fpfOQgL9am,5,@cnn
-0.4019,Tue Mar 20 22:00:11 +0000 2018,0.847,0.153,0.0,Here's exactly how much trouble Cynthia Nixon can cause for Andrew Cuomo | Analysis by @CillizzaCNN‚Ä¶ https://t.co/mx4OV9VniK,6,@cnn
-0.34,Tue Mar 20 21:55:05 +0000 2018,0.882,0.118,0.0,An overheated engine oil warning caused a helicopter with Ivanka Trump and Jared Kushner onboard to make an unsched‚Ä¶ https://t.co/geZlBZo7v1,7,@cnn
-0.7184,Tue Mar 20 21:52:29 +0000 2018,0.76,0.24,0.0,The US Senate has blocked a war powers resolution that called for an end to US involvement in the Yemen conflict‚Ä¶ https://t.co/4W9T6HX2mu,8,@cnn
-0.7579,Tue Mar 20 21:51:54 +0000 2018,0.711,0.289,0.0,At least 35 people were killed and scores wounded when a rocket struck a busy marketplace in a southeastern suburb‚Ä¶ https://t.co/utuiu9xmtr,9,@cnn
0.4939,Tue Mar 20 21:50:06 +0000 2018,0.849,0.0,0.151,Photos of an Afghan woman who nursed her baby while simultaneously taking a high-stakes exam have inspired some soc‚Ä¶ https://t.co/4Z6ZVx3R66,10,@cnn
0.0,Tue Mar 20 21:45:06 +0000 2018,1.0,0.0,0.0,"How Facebook, the ultimate disrupter, could be disrupted | By Emily Parker via @CNNOpinion https://t.co/bjfKUP84NS https://t.co/Rcf8lMRNvv",11,@cnn
-0.802,Tue Mar 20 21:40:08 +0000 2018,0.676,0.324,0.0,Doctors have a duty not to make the opioid crisis worse | By Robert Klitzman via @CNNOpinion https://t.co/XKcPVrxJfS https://t.co/9pnMj1Fbkb,12,@cnn
0.6808,Tue Mar 20 21:35:02 +0000 2018,0.62,0.095,0.285,Several justices at the Supreme Court seemed skeptical of free speech implications of a California law that require‚Ä¶ https://t.co/L3WkTLBTK2,13,@cnn
-0.5719,Tue Mar 20 21:30:05 +0000 2018,0.773,0.227,0.0,"First lady Melania Trump addresses critics of her anti-cyberbullying campaign:  ""I have been criticized for my comm‚Ä¶ https://t.co/Hwdq6L6p9T",14,@cnn
-0.5423,Tue Mar 20 21:25:06 +0000 2018,0.769,0.231,0.0,Republicans to Trump: Fire Mueller and risk ... not much | Analysis by CNN's Gregory Krieg https://t.co/kSFsAEBO4G https://t.co/DyUhIIr0fr,15,@cnn
0.7096,Tue Mar 20 21:20:45 +0000 2018,0.731,0.0,0.269,Rep. Eric Swalwell on President Trump congratulating Vladimir Putin for winning the Russian election: It‚Äôs like con‚Ä¶ https://t.co/C5r2z0dwu1,16,@cnn
0.1027,Tue Mar 20 21:19:25 +0000 2018,0.769,0.108,0.123,RT @CNNnewsroom: Stormy Daniels' friend Alana Evans says both she and Daniels have received threats from people formerly in the adult film‚Ä¶,17,@cnn
0.0,Tue Mar 20 21:13:34 +0000 2018,1.0,0.0,0.0,"On Persian New Year, US President Trump slams Iranian rulers ""who serve themselves instead of serving the people""‚Ä¶ https://t.co/MNCOh24MbX",18,@cnn
0.0,Tue Mar 20 21:10:44 +0000 2018,1.0,0.0,0.0,RT @TheLeadCNN: CNN's @jaketapper will interview former FBI Director James @Comey on April 19 https://t.co/uqLV47nwir https://t.co/9AzQsfVg‚Ä¶,19,@cnn
0.7184,Tue Mar 20 21:09:27 +0000 2018,0.75,0.0,0.25,House Speaker Paul Ryan says special counsel Robert Mueller should be free to follow through his investigation to i‚Ä¶ https://t.co/tShzYdJpuQ,20,@cnn
0.0,Tue Mar 20 21:01:40 +0000 2018,1.0,0.0,0.0,RT @TheLeadCNN: A package exploded at a FedEx facility just outside San Antonio early today; the FBI says it could be connected to the Aust‚Ä¶,21,@cnn
0.0,Tue Mar 20 21:00:40 +0000 2018,1.0,0.0,0.0,"Cambridge Analytica, the data company Donald Trump's campaign hired during the 2016 presidential election, has been‚Ä¶ https://t.co/v4kDILMk5F",22,@cnn
0.6369,Tue Mar 20 20:51:53 +0000 2018,0.743,0.0,0.257,"Senate Majority Leader Mitch McConnell defends special counsel Robert Mueller: ""I agree with the President's lawyer‚Ä¶ https://t.co/IzFfH5shiw",23,@cnn
0.5859,Tue Mar 20 20:47:13 +0000 2018,0.817,0.0,0.183,Sen. John McCain slams President Trump for congratulating Russian President Vladimir Putin on his election win: ‚ÄúAn‚Ä¶ https://t.co/jMOw7Judnu,24,@cnn
0.5267,Tue Mar 20 20:46:28 +0000 2018,0.793,0.0,0.207,President Trump says he congratulated Vladimir Putin on winning the Russian presidential election‚Ä¶ https://t.co/LcOhHaTJLv,25,@cnn
0.0,Tue Mar 20 20:36:25 +0000 2018,1.0,0.0,0.0,"Just one day after Mississippi's governor signed a law banning abortions after 15 weeks, a federal judge issued an‚Ä¶ https://t.co/eji2mJZOaX",26,@cnn
0.0,Tue Mar 20 20:31:36 +0000 2018,1.0,0.0,0.0,"""Seven months on from peak buzz regarding Zuckerberg's presidential possibilities -- which hit around August 2017 -‚Ä¶ https://t.co/2frOSbJIZS",27,@cnn
0.5267,Tue Mar 20 20:28:22 +0000 2018,0.848,0.0,0.152,RT @TheLeadCNN: President Trump says he congratulated Vladimir Putin on winning the Russian presidential election. Trump also spoke of a po‚Ä¶,28,@cnn
0.0,Tue Mar 20 20:26:30 +0000 2018,1.0,0.0,0.0,"The rapid response of a Maryland school's sole resource officer, Blaine Gaskill, was instrumental in bringing a sho‚Ä¶ https://t.co/nbhyaIjy6y",29,@cnn
0.0,Tue Mar 20 20:15:15 +0000 2018,1.0,0.0,0.0,The FTC is sending a letter to Facebook with questions about how the social media company allowed the data of more‚Ä¶ https://t.co/trfXRMMSQD,30,@cnn
-0.296,Tue Mar 20 20:12:08 +0000 2018,0.864,0.136,0.0,Regulators and lawmakers up the pressure on Facebook over user data and privacy https://t.co/plzB1FhU2g https://t.co/cxw7cATUvd,31,@cnn
0.4019,Tue Mar 20 19:58:53 +0000 2018,0.886,0.0,0.114,Stormy Daniels replied yes to all three questions in the polygraph test she took. The first two were analyzed to be‚Ä¶ https://t.co/KQS6lbEACX,32,@cnn
0.0,Tue Mar 20 19:46:18 +0000 2018,1.0,0.0,0.0,"Stormy Daniels' polygraph confirms she had sex with Donald Trump, according to a 2011 report from the test‚Ä¶ https://t.co/cPRWIIrwFI",33,@cnn
0.6369,Tue Mar 20 19:32:09 +0000 2018,0.802,0.0,0.198,"Cambridge Analytica, the embattled data analytics company best known for its work on President Trump's campaign, ha‚Ä¶ https://t.co/5TmS0KHPYE",34,@cnn
0.0,Tue Mar 20 19:29:06 +0000 2018,1.0,0.0,0.0,"KB Toys aims to fill the void that Toys ""R"" Us is leaving behind https://t.co/ZrMwJCXENE https://t.co/W2tMTRvIHC",35,@cnn
0.0,Tue Mar 20 19:23:46 +0000 2018,1.0,0.0,0.0,"RT @CNNnewsroom: ""We're talking about someone that has experience with these devices, and has...maybe, a scientific mind"" - Former FBI Spec‚Ä¶",36,@cnn
0.0,Tue Mar 20 19:22:05 +0000 2018,1.0,0.0,0.0,Fed up with Facebook? Here's what you need to know about protecting your data https://t.co/xXDmutBNyR https://t.co/o558X8vRkK,37,@cnn
0.128,Tue Mar 20 19:17:42 +0000 2018,0.919,0.0,0.081,"Former GOP White House official Peter Wehner says evangelicals' mulligan defense of President Trump is ""complete hy‚Ä¶ https://t.co/Dmn55fWfiO",38,@cnn
0.3182,Tue Mar 20 19:10:09 +0000 2018,0.814,0.063,0.122,Market analysts warn that the stock market could be impacted if President Trump tries to oust special counsel Rober‚Ä¶ https://t.co/jH8o0jdGye,39,@cnn
-0.1027,Tue Mar 20 19:04:31 +0000 2018,0.931,0.069,0.0,"California Rep. Barbara Lee says Education Secretary Betsy DeVos' ""head is in the sand"" regarding racial bias and d‚Ä¶ https://t.co/yAQuCBJBvG",40,@cnn
0.0,Tue Mar 20 19:00:15 +0000 2018,1.0,0.0,0.0,"""Black Panther"" is the the most-tweeted about movie of all time, Twitter says https://t.co/3BqCoaCuHI https://t.co/ZAZSYeWIEC",41,@cnn
-0.5994,Tue Mar 20 18:55:04 +0000 2018,0.843,0.157,0.0,Wreckage from the USS Juneau -- a World War II cruiser sunk by a Japanese torpedo in 1942 -- has been discovered by‚Ä¶ https://t.co/wn8aLW7516,42,@cnn
0.4767,Tue Mar 20 18:50:04 +0000 2018,0.838,0.0,0.162,The Senate Intelligence Committee has released a bipartisan list of recommendations to states and the federal gover‚Ä¶ https://t.co/BiogMj6zO5,43,@cnn
0.0,Tue Mar 20 18:45:07 +0000 2018,1.0,0.0,0.0,Why your next work meeting could be outside https://t.co/kgrjuJ8dbB https://t.co/oglkMUaf2W,44,@cnn
0.0,Tue Mar 20 18:40:09 +0000 2018,1.0,0.0,0.0,Kids 50 years ago almost never drew scientists as women. Now they do almost a third of the time.‚Ä¶ https://t.co/VwkKnfj2Oo,45,@cnn
-0.3818,Tue Mar 20 18:36:58 +0000 2018,0.902,0.098,0.0,RT @CNNweather: How about this for the first day of #Spring. The fourth nor'easter in three weeks has the possibility to dump more snow on‚Ä¶,46,@cnn
0.0,Tue Mar 20 18:35:08 +0000 2018,1.0,0.0,0.0,"Secretary Ben Carson detailed his wife's involvement in picking out a dining room set for his office, saying that s‚Ä¶ https://t.co/efx94WEVUy",47,@cnn
-0.4939,Tue Mar 20 18:30:14 +0000 2018,0.802,0.198,0.0,"I tweeted about diversity and got hammered by haters, @djrothkopf writes for @CNNopinion https://t.co/OUn6nmGOSo https://t.co/AVQJAm4tvB",48,@cnn
0.624,Tue Mar 20 18:25:04 +0000 2018,0.769,0.0,0.231,"Amazon just passed Alphabet, the owner of Google, to become the second most valuable company in the US‚Ä¶ https://t.co/mrzbRTTuwF",49,@cnn
0.0,Tue Mar 20 18:20:10 +0000 2018,1.0,0.0,0.0,Prince Harry and Meghan Markle reveal who will make the cake for their May 19 wedding. Pastry chef Claire Ptak will‚Ä¶ https://t.co/kzhlEfqFiD,50,@cnn
-0.594,Tue Mar 20 18:12:14 +0000 2018,0.732,0.205,0.064,"RT @CNNPolitics: Sanders on Trump's tweets criticizing Mueller: ""We have not been shy about the fact that there is frustration of this proc‚Ä¶",51,@cnn
0.5859,Tue Mar 20 18:10:54 +0000 2018,0.817,0.0,0.183,Sen. John McCain slams President Trump for congratulating Russian President Vladimir Putin on his election win: ‚ÄúAn‚Ä¶ https://t.co/1fgyNMlaEw,52,@cnn
-0.296,Tue Mar 20 18:05:52 +0000 2018,0.909,0.091,0.0,"RT @CNNPolitics: White House press secretary Sarah Sanders says ""there are no specific plans made at this time"" for President Trump to meet‚Ä¶",53,@cnn
-0.2732,Tue Mar 20 18:00:10 +0000 2018,0.9,0.1,0.0,A former Playboy model who allegedly had a nine-month affair with Donald Trump is suing to be released from an agre‚Ä¶ https://t.co/t6Qj8Ifiik,54,@cnn
0.0,Tue Mar 20 17:56:05 +0000 2018,1.0,0.0,0.0,"White House press secretary Sarah Sanders is holding a press briefing.

Follow live updates:‚Ä¶ https://t.co/xKKp32JIQS",55,@cnn
0.5574,Tue Mar 20 17:50:06 +0000 2018,0.723,0.0,0.277,Donald Trump is done playing nice with Bob Mueller | Analysis by @CillizzaCNN https://t.co/fWTuChI6rG https://t.co/jBQ2qUMvD1,56,@cnn
-0.1027,Tue Mar 20 17:40:51 +0000 2018,0.736,0.14,0.124,The world's last male northern white rhino has died leaving only two females left to save the subspecies from extin‚Ä¶ https://t.co/a89i3Tc3Am,57,@cnn
-0.4019,Tue Mar 20 17:36:47 +0000 2018,0.863,0.137,0.0,Republican Gov. Larry Hogan following the shooting at a Maryland high school that injured two students: ‚ÄúIt‚Äôs tragi‚Ä¶ https://t.co/FcThdax1xR,58,@cnn
0.0,Tue Mar 20 17:30:07 +0000 2018,1.0,0.0,0.0,Conservation groups sue to overturn the Trump administration's trophy hunting decision https://t.co/TrWv2rEaxF https://t.co/dZu9mPtjHb,59,@cnn
0.0,Tue Mar 20 17:20:06 +0000 2018,1.0,0.0,0.0,"Within minutes of news of yet another school shooting, survivors of last month's massacre at a high school in Parkl‚Ä¶ https://t.co/5iSFYxSJ7A",60,@cnn
0.4215,Tue Mar 20 17:10:08 +0000 2018,0.833,0.0,0.167,United Airlines says it is suspending a program that transports pets in cargo holds https://t.co/Fbamn4NEIp https://t.co/R19QomWoRf,61,@cnn
0.5598,Tue Mar 20 17:00:10 +0000 2018,0.847,0.0,0.153,"Michelle Obama is so popular she needed more space. The painting of the former first lady, unveiled at the Smithson‚Ä¶ https://t.co/MVW21uSZx2",62,@cnn
-0.3612,Tue Mar 20 17:00:08 +0000 2018,0.857,0.143,0.0,The National Rifle Association is criticizing Florida's Republican House Speaker Richard Corcoran for his comments‚Ä¶ https://t.co/1tYOw2EkR3,63,@cnn
0.5267,Tue Mar 20 16:54:35 +0000 2018,0.825,0.0,0.175,President Trump says he congratulated Vladimir Putin on winning the Russian presidential election. Trump also spoke‚Ä¶ https://t.co/U6o1ceKRp3,64,@cnn
0.296,Tue Mar 20 16:50:13 +0000 2018,0.905,0.0,0.095,Facebook's stock is sliding for the second day in a row. Shares fell another 5% Tuesday on the heels of the company‚Ä¶ https://t.co/JfWDwvn2fe,65,@cnn
0.0,Tue Mar 20 16:40:08 +0000 2018,1.0,0.0,0.0,Ohio might soon have an official state dog. 12 other states already do: https://t.co/qGUIsaFzjt https://t.co/i572sStWij,66,@cnn
-0.5956,Tue Mar 20 16:34:14 +0000 2018,0.823,0.177,0.0,"President Trump: ‚ÄúThe bombings in Austin are terrible‚Ä¶ This is obviously a very, very sick individual or maybe indi‚Ä¶ https://t.co/tGYi0x7G2C",67,@cnn
0.1779,Tue Mar 20 16:29:17 +0000 2018,0.876,0.0,0.124,Amazon CEO Jeff Bezos took a robot dog named SpotMini for a walk https://t.co/5gPk9Mg8l2 https://t.co/E4SCrpVtQn,68,@cnn
-0.0572,Tue Mar 20 16:23:02 +0000 2018,0.788,0.111,0.1,"House Speaker Paul Ryan says he received ""assurances"" that President Trump is not considering firing special counse‚Ä¶ https://t.co/AxtE5K2URe",69,@cnn
0.5267,Tue Mar 20 16:10:09 +0000 2018,0.815,0.0,0.185,President Trump congratulated Russia President Vladimir Putin on winning the Russian presidential election in a tel‚Ä¶ https://t.co/OvLi4xk6AT,70,@cnn
0.0,Tue Mar 20 16:00:08 +0000 2018,1.0,0.0,0.0,CNN's @JakeTapper will interview former FBI Director James @Comey on April 19 https://t.co/8cPVW1mzfK https://t.co/L3ouls0rnK,71,@cnn
0.0,Tue Mar 20 15:52:08 +0000 2018,1.0,0.0,0.0,"K-pop group Red Velvet will be part of a group of South Korean pop stars who will be performing in Pyongyang, North‚Ä¶ https://t.co/cWIpgYpowK",72,@cnn
-0.4019,Tue Mar 20 15:41:19 +0000 2018,0.863,0.137,0.0,Sheriff: Two students were injured during the shooting at a Maryland high school Tuesday morning just before classe‚Ä¶ https://t.co/OBgR6SUZWq,73,@cnn
0.0,Tue Mar 20 15:30:07 +0000 2018,1.0,0.0,0.0,96-year-old style icon Iris Apfel has become the oldest person ever to be immortalized as a Barbie doll‚Ä¶ https://t.co/eXRHiRNKzC,74,@cnn
0.0,Tue Mar 20 15:29:39 +0000 2018,1.0,0.0,0.0,"Officials in Maryland are holding a briefing on the shooting at a high school there earlier this morning.

Watch:‚Ä¶ https://t.co/nQzePg5pH7",75,@cnn
0.0,Tue Mar 20 15:18:24 +0000 2018,1.0,0.0,0.0,"Police chief: A package exploded while traveling along an automated conveyor belt at the Schertz, Texas, FedEx faci‚Ä¶ https://t.co/MiztO7K2Tc",76,@cnn
0.0,Tue Mar 20 15:11:58 +0000 2018,1.0,0.0,0.0,"Officials are holding a briefing following an explosion this morning at a FedEx facility near San Antonio.

Follow‚Ä¶ https://t.co/zWpHuePVyO",77,@cnn
-0.5423,Tue Mar 20 14:57:55 +0000 2018,0.857,0.143,0.0,Tens of millions of people in some of the world's poorest areas could be displaced by climate change in just a few‚Ä¶ https://t.co/4VdsGJUKO3,78,@cnn
0.7579,Tue Mar 20 14:43:52 +0000 2018,0.609,0.097,0.294,"At least 3 people are injured after the shooting this morning at Great Mills High School in Great Mills, Maryland,‚Ä¶ https://t.co/kFiLlST9Iy",79,@cnn
0.0,Tue Mar 20 14:30:20 +0000 2018,1.0,0.0,0.0,Your personal information is Facebook's currency. It's bought and sold every day. https://t.co/oRq26svDwq,80,@cnn
-0.7366,Tue Mar 20 14:20:09 +0000 2018,0.707,0.293,0.0,"President Trump's opioid plan to kill drug dealers is about vengeance, not solutions, @fordvox writes for‚Ä¶ https://t.co/I0MD7e2zSB",81,@cnn
0.0,Tue Mar 20 14:10:13 +0000 2018,1.0,0.0,0.0,"There has been, on average, 1 school shooting every week this year https://t.co/TFkgODHjDU https://t.co/7IK0NtPsKM",82,@cnn
-0.4939,Tue Mar 20 14:00:06 +0000 2018,0.856,0.144,0.0,"""We swipe left on your attempted scare tactics"": Female-friendly dating app Bumble took out a full-page ad in the N‚Ä¶ https://t.co/vSfrhdNOEM",83,@cnn
-0.3612,Tue Mar 20 13:54:35 +0000 2018,0.878,0.122,0.0,"JUST IN: Police in Austin, Texas, are responding to a suspicious package at another FedEx facility.

A package at a‚Ä¶ https://t.co/vXcO9lzCIQ",84,@cnn
-0.6249,Tue Mar 20 13:40:06 +0000 2018,0.728,0.272,0.0,This is how lawmakers plan to end the opioid crisis https://t.co/RqCTL6Eiue https://t.co/Ds0C57hAMl,85,@cnn
0.0,Tue Mar 20 13:30:30 +0000 2018,1.0,0.0,0.0,Former Cambridge Analytica contractor Christopher Wylie tells CNN‚Äôs @donlemon that he helped build a ‚Äúpsychological‚Ä¶ https://t.co/mlsw9O6OY4,86,@cnn
0.8481,Tue Mar 20 13:14:24 +0000 2018,0.687,0.0,0.313,"Here‚Äôs a look from the scene outside Great Mills High School in Great Mills, Maryland, which is currently on lockdo‚Ä¶ https://t.co/HqZMB7Gxd9",87,@cnn
0.6249,Tue Mar 20 13:07:20 +0000 2018,0.823,0.0,0.177,"Agents with the FBI and ATF are responding to the reported shooting at a high school in Great Mills, Maryland‚Ä¶ https://t.co/i1vl1AHwUU",88,@cnn
0.0,Tue Mar 20 12:51:57 +0000 2018,1.0,0.0,0.0,"The school is on lock down, according to the school district, and the incident has been contained.

Follow for upda‚Ä¶ https://t.co/M0I07ONc4n",89,@cnn
0.8481,Tue Mar 20 12:43:12 +0000 2018,0.687,0.0,0.313,BREAKING: St. Mary‚Äôs County Public Schools says there has been a shooting at Great Mills High School in Great Mills‚Ä¶ https://t.co/n1lLVTSzGv,90,@cnn
0.0,Tue Mar 20 12:40:06 +0000 2018,1.0,0.0,0.0,Delta Airlines misrouted an Idaho man's 8-week-old puppy on a cross-country trip -- landing in Las Vegas and Salt L‚Ä¶ https://t.co/zWB4sbm1iG,91,@cnn
-0.4767,Tue Mar 20 12:30:03 +0000 2018,0.86,0.14,0.0,The younger brother of the Parkland gunman was arrested Monday for trespassing on the campus of Marjory Stoneman Do‚Ä¶ https://t.co/4EvL7EBc6E,92,@cnn
0.0,Tue Mar 20 12:20:12 +0000 2018,1.0,0.0,0.0,Robert Mueller has Donald Trump in a box. | Analysis by @StCollinson https://t.co/EenPN3xyq7 https://t.co/47ImR1v3zj,93,@cnn
-0.6369,Tue Mar 20 12:10:08 +0000 2018,0.704,0.226,0.07,A load of gold worth up to $54 million went missing during the Civil War. There may be a break in the case.‚Ä¶ https://t.co/0JhOYk2vaw,94,@cnn
0.34,Tue Mar 20 12:00:11 +0000 2018,0.882,0.0,0.118,"Facebook's value plunges $37 billion on news that data firm Cambridge Analytica, which had ties to Trump's campaign‚Ä¶ https://t.co/pTaWnIxceP",95,@cnn
-0.1027,Tue Mar 20 11:53:06 +0000 2018,0.736,0.14,0.124,"The world's last male northern white rhino has died, leaving only two females left to save the subspecies from exti‚Ä¶ https://t.co/xDwFSk3ndr",96,@cnn
0.0,Tue Mar 20 11:45:57 +0000 2018,1.0,0.0,0.0,Former Vice President Joe Biden will meet with Latino leaders at a fundraiser in Miami today https://t.co/sWcY9CXY0L https://t.co/VyVTe1T19P,97,@cnn
-0.25,Tue Mar 20 11:30:15 +0000 2018,0.9,0.1,0.0,"Possible tornadoes were reported to have torn apart homes, shredded buildings and knocked down power lines and tree‚Ä¶ https://t.co/TXsjyjVDir",98,@cnn
-0.7506,Tue Mar 20 11:19:03 +0000 2018,0.404,0.46,0.136,How your next meal could help fight depression and stress https://t.co/cCJz0V12Ch https://t.co/fSeewTLfUu,99,@cnn
0.0,Tue Mar 20 22:30:20 +0000 2018,1.0,0.0,0.0,"We‚Äôre live streaming @jsconfau talks all day today and tomorrow. Starting in 30 minutes!

https://t.co/ttIzoV4Cjz",0,@fox
-0.4019,Tue Mar 20 19:54:47 +0000 2018,0.863,0.137,0.0,RT @frameshiftllc: New angle for change in VC: founders refusing to take funding from all-male all-white firms https://t.co/AMi8UJbTGO,1,@fox
0.3612,Tue Mar 20 19:54:21 +0000 2018,0.839,0.0,0.161,@sentience @benschwarz @glenmaddern @xzyfer @jordanlewiz I like how everyone is wearing black or tan pants.,2,@fox
-0.5267,Tue Mar 20 18:46:00 +0000 2018,0.779,0.221,0.0,"@kriesse @benschwarz ‚ù§Ô∏è‚ù§Ô∏è‚ù§Ô∏è

I‚Äôll have a celebration of lying face down in a few days.",3,@fox
0.4199,Tue Mar 20 05:15:04 +0000 2018,0.417,0.0,0.583,@butwhoiskat thank you!,4,@fox
0.0,Mon Mar 19 23:38:23 +0000 2018,1.0,0.0,0.0,"Here it goes. Last 8 months of constant work will happen within the next 3 days.

https://t.co/c48sQqdnXv",5,@fox
0.0,Mon Mar 19 22:55:26 +0000 2018,1.0,0.0,0.0,"RT @cssconfau: Guess what?

Even if you aren‚Äôt here, you can watch all the talks LIVE! üò±

Tune into the live stream here. #cssconfau18 

ht‚Ä¶",6,@fox
0.9178,Mon Mar 19 10:25:22 +0000 2018,0.456,0.0,0.544,"@amyngyn hahaha. I actually never been, but I‚Äôve heard the bar is great. :)",7,@fox
0.0,Mon Mar 19 06:54:56 +0000 2018,1.0,0.0,0.0,@amyngyn Loui Bar?,8,@fox
0.8172,Mon Mar 19 00:57:53 +0000 2018,0.706,0.0,0.294,RT @LJKenward: Hey friends! üëã Who's hiring Junior Devs at the moment? I have some awesome people from the @juniordev_io Community currently‚Ä¶,9,@fox
0.481,Mon Mar 19 00:08:00 +0000 2018,0.752,0.079,0.168,Don‚Äôt forget about the Community Social today! EVERYONE IS WELCOME (even if you don‚Äôt hold a CSSConf or JSConf tick‚Ä¶ https://t.co/6c79TcKFCi,10,@fox
0.0,Sun Mar 18 23:11:31 +0000 2018,0.725,0.118,0.156,Toxic tech industry creates a fake vision of what each of us (especially minorities) have to be and achieve to be ‚Äù‚Ä¶ https://t.co/yfXZ5nxCJ7,11,@fox
0.6705,Sun Mar 18 21:53:04 +0000 2018,0.776,0.0,0.224,"@amyngyn I never introduce myself. The focus is on content, not myself. Also I don‚Äôt feel like I need to justify my cred. :)",12,@fox
0.3818,Sun Mar 18 03:17:02 +0000 2018,0.698,0.0,0.302,Today I got kissed by a dingo. üíÅüèª‚Äç‚ôÄÔ∏è https://t.co/FDQsVw2anl,13,@fox
0.7569,Sat Mar 17 21:10:23 +0000 2018,0.481,0.0,0.519,"@Sareh88 Thank you, Sareh! That‚Äôs very kind. ‚ù§Ô∏è",14,@fox
0.7096,Sat Mar 17 08:20:32 +0000 2018,0.742,0.0,0.258,@meelijane https://t.co/Y5wM3nCdsH in Northcote. I‚Äôve tested many and this one is orders of magnitude better than everywhere else. :),15,@fox
0.765,Sat Mar 17 07:02:55 +0000 2018,0.761,0.0,0.239,One of many reasons why I love my yoga studio so much is how meditative the practice is and how all the instructors‚Ä¶ https://t.co/VXfSqdo6bk,16,@fox
-0.34,Sat Mar 17 06:59:15 +0000 2018,0.473,0.345,0.182,"@IvanaMcConnell I can only help ruin your bank account further, sorry. üòÇ",17,@fox
0.1646,Sat Mar 17 06:58:49 +0000 2018,0.711,0.134,0.156,"RT @slamup: people love to say

     no child is born 
     with hate in their heart

which is all very
romantic

but from the moment
a bla‚Ä¶",18,@fox
0.4588,Sat Mar 17 04:44:27 +0000 2018,0.769,0.0,0.231,"@evanderkoogh Nope, we are at full capacity of the venue. :)",19,@fox
0.6114,Sat Mar 17 04:43:03 +0000 2018,0.84,0.0,0.16,"RT @cssconfau: Come and celebrate with us at pre CSSConf and JSConf AU community social!

üìÖ Monday, March 19, 6pm onwards
üìçStomping Ground‚Ä¶",20,@fox
0.5106,Sat Mar 17 03:16:57 +0000 2018,0.381,0.152,0.467,"@noahmp Heh, dang :) worth asking nonetheless.",21,@fox
0.0,Sat Mar 17 03:10:32 +0000 2018,1.0,0.0,0.0,@noahmp üëãüèª is this a SF-based role?,22,@fox
0.2263,Fri Mar 16 23:36:37 +0000 2018,0.913,0.0,0.087,RT @mbrockenbrough: Here's a point worth making every so often. The patriarchy isn't men. It's a system that prefers them. Wanting to disma‚Ä¶,23,@fox
0.4199,Fri Mar 16 23:36:24 +0000 2018,0.782,0.0,0.218,@madalynrose Thank you so much ‚ò∫Ô∏è looking forward to meeting you! üå∫,24,@fox
0.7835,Fri Mar 16 23:27:46 +0000 2018,0.537,0.0,0.463,"@andymcmillan Thanks, Andy! You are an inspiration for me too! üíô",25,@fox
0.7345,Fri Mar 16 23:27:14 +0000 2018,0.64,0.0,0.36,@evanderkoogh Hey Erwin! Thanks so much. We can chat during the events. :),26,@fox
-0.3597,Fri Mar 16 23:11:30 +0000 2018,0.782,0.14,0.078,I don‚Äôt know what or who I‚Äôm most disappointed with to allow community work put my career in the background (again)‚Ä¶ https://t.co/khOCa8rLHV,27,@fox
0.0,Fri Mar 16 23:09:07 +0000 2018,1.0,0.0,0.0,This time was supposed to be split between the conference and product work that would set me up for looking for a j‚Ä¶ https://t.co/mOoFPPnV5w,28,@fox
0.0,Fri Mar 16 23:07:25 +0000 2018,1.0,0.0,0.0,"Over the last 6+ months, I‚Äôve sacrificed all the time I had to run CSSConf and JSConf AU. I‚Äôve set the highest stan‚Ä¶ https://t.co/QRvns2lJs8",29,@fox
-0.818,Fri Mar 16 23:00:59 +0000 2018,0.679,0.321,0.0,"RT @katebevan: LAYDEEZ!!!! Worried that VPNs are too hard for your fluffy ladybrain??? Never fear, a fuckwitted BroCo called @keepsafe is h‚Ä¶",30,@fox
0.4199,Fri Mar 16 22:40:18 +0000 2018,0.417,0.0,0.583,@sarah_edo thank you! üò≥,31,@fox
0.5719,Fri Mar 16 20:34:54 +0000 2018,0.829,0.0,0.171,I can‚Äôt wait to come back to lovey Portland and see what wonderful thing @andymcmillan and @waxpancake are preparin‚Ä¶ https://t.co/3rfz3ShOEU,32,@fox
0.2942,Fri Mar 16 04:01:44 +0000 2018,0.532,0.17,0.297,@jennwrites thank you! I miss you too üò≠‚ù§Ô∏è,33,@fox
0.0,Fri Mar 16 01:52:07 +0000 2018,1.0,0.0,0.0,"To the young woman wearing a ‚Äúthe future is female‚Äù tee:

The
Future
Is
Intersectional",34,@fox
0.7003,Fri Mar 16 01:33:25 +0000 2018,0.734,0.0,0.266,"Cannot agree with this more. I constantly get asked for free diversity, inclusion, community or general workplace a‚Ä¶ https://t.co/M9hOz6A980",35,@fox
0.0,Fri Mar 16 00:36:14 +0000 2018,1.0,0.0,0.0,"@pat @coryannj @kckal Oh, I have not seen it. Will register. üëçüèª",36,@fox
0.0,Thu Mar 15 23:44:49 +0000 2018,1.0,0.0,0.0,Four days to go. https://t.co/RYxiCmMEFp,37,@fox
0.0,Thu Mar 15 22:04:46 +0000 2018,1.0,0.0,0.0,"Ellen already had a lasting impact on diversity and inclusion spanning beyond the tech industry. 

I can‚Äôt wait to‚Ä¶ https://t.co/1QFSP6DHyQ",38,@fox
0.4574,Thu Mar 15 22:03:16 +0000 2018,0.824,0.0,0.176,@jordwalsh üëãüèª interesting! Would you be able to email me more details? hi at https://t.co/vah0lKcYeo. üì¨,39,@fox
0.0,Thu Mar 15 21:51:34 +0000 2018,1.0,0.0,0.0,My last two weeks were spent in email. Conference organiser life. https://t.co/h5hlszzyjv,40,@fox
0.0,Thu Mar 15 02:58:59 +0000 2018,1.0,0.0,0.0,This video with Jeff Goldblum is everything. https://t.co/vo5HSwuOUP,41,@fox
-0.6369,Thu Mar 15 00:17:24 +0000 2018,0.568,0.333,0.098,"Accepting talk proposals for conferences on a rolling basis: no no no no.

First come first serve doesn‚Äôt work for inclusion.",42,@fox
0.0,Thu Mar 15 00:05:26 +0000 2018,1.0,0.0,0.0,"If you are in Melbourne on Monday, March 19, we‚Äôre opening @cssconfau, @jsconfau and @decompressau with a Community‚Ä¶ https://t.co/OyPVisZXYn",43,@fox
-0.8625,Wed Mar 14 22:35:40 +0000 2018,0.317,0.683,0.0,Australia is racist as hell. https://t.co/EIRFzejhsi,44,@fox
0.0,Wed Mar 14 22:08:53 +0000 2018,1.0,0.0,0.0,"RT @sarahmei: üì¢ PSA: when you're building a diverse team, you're looking for culture _add_, not culture _fit_. Hire people who bring a pers‚Ä¶",45,@fox
0.6976,Wed Mar 14 21:32:48 +0000 2018,0.747,0.0,0.253,RT @piamancini: ok I need help. I really really want to hire a kickass developer who also happens to be a woman (backend pref.) What are th‚Ä¶,46,@fox
0.3802,Wed Mar 14 21:32:37 +0000 2018,0.67,0.107,0.223,"@piamancini Hey Pia! Thanks for reaching out üëãüèª Unfortunately, software engineering isn‚Äôt my background; I‚Äôm a FE d‚Ä¶ https://t.co/1IEwNKyc9q",47,@fox
-0.296,Wed Mar 14 09:43:21 +0000 2018,0.896,0.104,0.0,"RT @EricaJoy: üì¢ PSA: There are no ""diverse"" applicants
People aren't diverse, teams are
You're not hiring a diverse person, you're building‚Ä¶",48,@fox
0.4215,Wed Mar 14 00:14:03 +0000 2018,0.896,0.0,0.104,"RT @SashaLaundy: What I keep telling myself this week: 
üëâüèª In work, a new thing I don't know how to do means progress. 
üëâüèª In the gym, a ha‚Ä¶",49,@fox
-0.2263,Tue Mar 13 21:56:19 +0000 2018,0.821,0.113,0.067,"No underrepresented groups want to thrive and partake in exclusionary platform StackOverflow is.

Tweet your hot ta‚Ä¶ https://t.co/xfKjCfUtwJ",50,@fox
-0.4404,Tue Mar 13 21:53:43 +0000 2018,0.508,0.492,0.0,@erikalleigh I just block them. üòé,51,@fox
0.5509,Tue Mar 13 21:47:56 +0000 2018,0.581,0.152,0.266,"@jaffathecake Jake, I really admire your ability to try to have a serious conversation with inclusion deniers and mansplainers. üòÇ",52,@fox
0.0,Tue Mar 13 21:40:02 +0000 2018,1.0,0.0,0.0,@modernserf and thongs! I cannot grasp the diversity,53,@fox
0.0,Tue Mar 13 21:38:42 +0000 2018,1.0,0.0,0.0,"@heydonworks Ohhh, this tweet so gold",54,@fox
0.0,Tue Mar 13 11:32:51 +0000 2018,1.0,0.0,0.0,RT @vaurorapub: For women in tech who need a break from talking about women in tech sometimes: here are some of the ways I get out of doing‚Ä¶,55,@fox
0.0,Tue Mar 13 08:57:37 +0000 2018,1.0,0.0,0.0,Do I know anyone working at @zapier?,56,@fox
0.8271,Tue Mar 13 08:39:15 +0000 2018,0.543,0.089,0.367,"Thank heavens for my career hotline with a few great women in tech.

Sadly, we all share the same thoughts about th‚Ä¶ https://t.co/KTzemdT7OG",57,@fox
0.4939,Tue Mar 13 07:56:31 +0000 2018,0.61,0.0,0.39,I must say I‚Äôm pretty speechless. https://t.co/s4lvmWyE23,58,@fox
-0.7906,Tue Mar 13 05:51:06 +0000 2018,0.562,0.438,0.0,"The tech industry, saving humanity from disease, poverty and injustice. https://t.co/wkmxj8c4Wy",59,@fox
0.0,Tue Mar 13 05:31:56 +0000 2018,1.0,0.0,0.0,I‚Äôm running a 4-day conference next week aka I have been listening to bird sounds on @noisli for the last eight hours.,60,@fox
0.0,Tue Mar 13 05:27:16 +0000 2018,1.0,0.0,0.0,"PREACH @adblanche! 

White women have a lot of homework to do. 

https://t.co/PWeBC6MsXG",61,@fox
0.7003,Tue Mar 13 04:05:17 +0000 2018,0.674,0.078,0.248,"@brianleroux Brian, we both know that best talent lives in SF and NYC. there is no tech outside of those two regions.",62,@fox
0.5106,Tue Mar 13 02:01:01 +0000 2018,0.567,0.17,0.263,@coryannj I love how the tech industry is cocky enough to believe they‚Äôre the solution to all humanity problems,63,@fox
-0.1027,Tue Mar 13 01:55:02 +0000 2018,0.928,0.072,0.0,"‚ÄùWilling to relocate to San Francisco‚Äù. 

We can‚Äôt have inclusive technology if jobs are constrained to cities whic‚Ä¶ https://t.co/NCFLDermIF",64,@fox
0.4019,Tue Mar 13 00:14:42 +0000 2018,0.87,0.0,0.13,üëãüèª¬†I have a bit of availability for diversity and inclusion consulting during April and May. I can help run inclusi‚Ä¶ https://t.co/t4sbNrXUDV,65,@fox
-0.34,Mon Mar 12 08:45:39 +0000 2018,0.688,0.2,0.113,RT @pangopup: 'Why sexism over how women look harms their leadership chances' https://t.co/v1YyNfpz3Z,66,@fox
0.0,Mon Mar 12 06:59:39 +0000 2018,1.0,0.0,0.0,"RT @WBJenna: Have you heard about the @PineappleMedia Fellowship for Underrepresented Voices in Podcasting?

-A full-time, producer-in-resi‚Ä¶",67,@fox
0.4939,Mon Mar 12 05:17:18 +0000 2018,0.868,0.0,0.132,@coryannj Have you read Lean Out? Pretty much sums up most of my concerns with the approach. So flawed. I have a co‚Ä¶ https://t.co/fpihGPPNkb,68,@fox
0.5574,Mon Mar 12 05:01:46 +0000 2018,0.635,0.0,0.365,"To be honest, all I want is a @sailorhg clothing line. https://t.co/iobZVLnosX",69,@fox
0.0772,Sun Mar 11 23:45:08 +0000 2018,0.936,0.0,0.064,"RT @incantatricks: Society expects women to be everything and want nothing.

We have to be masters at self-improvement, conversation, emoti‚Ä¶",70,@fox
-0.296,Sun Mar 11 23:10:30 +0000 2018,0.864,0.136,0.0,"RT @ChloeCondon: Hey ladies, come work in tech. We have no bathroom lines üöΩüíÅüèº‚Äç‚ôÄÔ∏è https://t.co/01stO97NKd",71,@fox
0.6996,Sun Mar 11 06:15:00 +0000 2018,0.509,0.0,0.491,"Friends: excited for the long weekend!
Me: https://t.co/vPjwIGbbM4",72,@fox
0.0,Sat Mar 10 08:34:51 +0000 2018,1.0,0.0,0.0,RT @lrnrd: THIS THREAD üçøüî•üôèüèªüëèüíØ https://t.co/vhfH4ETTC0,73,@fox
-0.2957,Sat Mar 10 06:41:48 +0000 2018,0.725,0.177,0.098,"RT @ChloeCondon: Booth recruiter üßî: ...and we really value diversity!

Me üëßüèº: Do you have any women's sized shirts?

üßî: Unfortunately no, t‚Ä¶",74,@fox
0.5859,Fri Mar 09 06:19:04 +0000 2018,0.568,0.0,0.432,Amazing hosts for upcoming @CSSconfeu üíñ¬†https://t.co/pmtGtflroP,75,@fox
-0.25,Fri Mar 09 06:01:38 +0000 2018,0.905,0.095,0.0,Still wondering what companies that have less than 10% women (let alone POC) across the entire organisation (not on‚Ä¶ https://t.co/yIyuV9WkMS,76,@fox
0.0,Fri Mar 09 02:43:33 +0000 2018,1.0,0.0,0.0,"Women‚Äôs Day isn‚Äôt an arbitrary date. 

It should be an ongoing celebration, empowerment and inclusion of all women‚Ä¶ https://t.co/5EJ63WQXL6",77,@fox
0.4019,Fri Mar 09 02:39:36 +0000 2018,0.891,0.0,0.109,"RT @butwhoiskat: I‚Äôll be speaking (for the first time) next Thursday, at WDYK, on the ethics of design.

Wanna come support me?

https://t.‚Ä¶",78,@fox
-0.6336,Fri Mar 09 02:25:31 +0000 2018,0.492,0.508,0.0,"@Double_Days Hey! Unfortunately, that‚Äôs not me :)",79,@fox
0.0,Fri Mar 09 01:16:08 +0000 2018,1.0,0.0,0.0,RT @void_daddy_: the future isnt female. the future is nonbinary it's genderfluid it's queer and it's trans it's natives rising up against‚Ä¶,80,@fox
0.6771,Fri Mar 09 01:15:52 +0000 2018,0.764,0.0,0.236,"RT @soniagupta504: I'm starting to really understand the importance of psychological safety on developer teams. 

With it, you have a team‚Ä¶",81,@fox
0.0,Fri Mar 09 00:59:44 +0000 2018,1.0,0.0,0.0,"RT @vboykis: Somewhere in the multiverse, this HN exists. https://t.co/bdk0sZeucF",82,@fox
-0.34,Fri Mar 09 00:06:04 +0000 2018,0.611,0.261,0.128,"@ohhoe blocked because the truth was too stingy, the follow up james damore story",83,@fox
0.4404,Fri Mar 09 00:05:05 +0000 2018,0.888,0.0,0.112,RT @triketora: such a useful resource for founders to be able to find the anti-harassment policies and points of contact for the vc firms t‚Ä¶,84,@fox
0.8356,Thu Mar 08 23:42:03 +0000 2018,0.643,0.0,0.357,Hi friends! I‚Äôm looking for new opportunities to put my multidisciplinary skills to good use within a diverse organ‚Ä¶ https://t.co/Chl7QaEgSe,85,@fox
0.0,Thu Mar 08 23:08:31 +0000 2018,1.0,0.0,0.0,@ANZ_AU You can email me at hi@thefox.is.,86,@fox
0.658,Thu Mar 08 22:20:51 +0000 2018,0.578,0.0,0.422,"@Mandy_Kerr Back at you, Mandy! You‚Äôre amazing! ‚ú®",87,@fox
0.4199,Thu Mar 08 22:20:32 +0000 2018,0.417,0.0,0.583,@happycrappie thank you!,88,@fox
0.7269,Thu Mar 08 21:27:38 +0000 2018,0.736,0.0,0.264,"RT @shailjapatel: Read women.
Cite women.
Credit women.

Teach women.
Publish women.
Present women.

Acknowledge women.
Award women.
Amplif‚Ä¶",89,@fox
0.6114,Thu Mar 08 21:26:51 +0000 2018,0.84,0.0,0.16,"RT @EricaJoy: Men! Celebrate #InternationalWomensDay by taking direct action:
üåü Tell the women you work with how much you get paid.
üåü If yo‚Ä¶",90,@fox
-0.0772,Thu Mar 08 08:57:37 +0000 2018,0.847,0.085,0.069,Another release of @jsconfeu tickets is happening in a few minutes and you don‚Äôt want to miss out. https://t.co/MX1CYi6kiK,91,@fox
-0.296,Thu Mar 08 08:32:47 +0000 2018,0.804,0.196,0.0,"Everything about this‚Äî‚Äùthe absence of no is not consent.‚Äù

https://t.co/58usW9cFxH",92,@fox
-0.6597,Thu Mar 08 07:42:40 +0000 2018,0.748,0.252,0.0,"Don‚Äôt try to shame me for your lack of professionalism and overconfident behaviour. 

Tl:dr; don‚Äôt work for @ANZ_AU.",93,@fox
-0.7269,Thu Mar 08 07:39:19 +0000 2018,0.711,0.289,0.0,"I told her how offensive and exclusionary those things were. Her reply:

‚ÄùI'm disappointed with your interpretation‚Ä¶ https://t.co/diQiVBdLF0",94,@fox
0.0772,Thu Mar 08 07:23:41 +0000 2018,0.939,0.0,0.061,I got emailed by someone at @ANZ_AU who not only insinuated that I‚Äôm after ‚Äùfancy titles‚Äù after I said I want to dr‚Ä¶ https://t.co/kpCyQY3i1z,95,@fox
0.09,Thu Mar 08 02:54:19 +0000 2018,0.639,0.154,0.208,"@theroyals hey, thanks but that doesn‚Äôt sound like me, and I find a bunch of the language on your site problematic.",96,@fox
0.0,Thu Mar 08 02:52:30 +0000 2018,1.0,0.0,0.0,"I think I‚Äôm going to collect ‚Äúthe best‚Äù team pages and toxic statements I see when looking for a new role. Already seen so many.

ü§¢",97,@fox
-0.3489,Thu Mar 08 02:50:10 +0000 2018,0.75,0.159,0.091,"@Catharz Thanks! I‚Äôve interviewed in the past, but unfortunately, it didn‚Äôt fulfil my requirements on diversity and inclusion.",98,@fox
0.2003,Thu Mar 08 02:46:52 +0000 2018,0.741,0.111,0.148,"@s_mcleod üëãüèª thanks! unfortunately, I think I‚Äôm mostly looking to steer away from traditional front-end roles to so‚Ä¶ https://t.co/VJ18W89w3A",99,@fox
-0.4404,Tue Mar 20 22:32:06 +0000 2018,0.892,0.108,0.0,"‚ÄúPlease buy it for your children, buy it for any child you know or buy it because you know it would annoy Mike Penc‚Ä¶ https://t.co/X8k7ZhUZnU",0,@nytimes
0.34,Tue Mar 20 22:17:05 +0000 2018,0.902,0.0,0.098,"At 26, the Cuban artist Belkis Ay√≥n was invited to show at the Venice Biennale in Italy. She was determined to make‚Ä¶ https://t.co/DtLUgMs8TN",1,@nytimes
-0.1779,Tue Mar 20 22:02:04 +0000 2018,0.844,0.093,0.062,"Schools will be closed tomorrow in New York City, the mayor said, in anticipation of a storm projected to drop a fo‚Ä¶ https://t.co/Ynso9dr7fp",2,@nytimes
-0.5574,Tue Mar 20 21:47:06 +0000 2018,0.783,0.217,0.0,"Munich prosecutors have raided BMW's headquarters, looking for evidence of possible emissions cheating https://t.co/gkN30cFsHi",3,@nytimes
0.0,Tue Mar 20 21:38:03 +0000 2018,1.0,0.0,0.0,RT @PamelaPaulNYT: This is the story of a little gay bunny. https://t.co/qtlugDsWpt,4,@nytimes
0.0772,Tue Mar 20 21:26:06 +0000 2018,0.925,0.0,0.075,Want to dine with major-league baseball players? Go to this supermarket cafeteria. (Order the stewed oxtail.) https://t.co/9Qa5ePQKJo,5,@nytimes
0.2732,Tue Mar 20 21:10:03 +0000 2018,0.76,0.08,0.16,A former Playboy model who says she had an affair with Donald Trump is suing to be freed from a 2016 legal deal req‚Ä¶ https://t.co/v2h3GgTK3A,6,@nytimes
0.0,Tue Mar 20 20:55:09 +0000 2018,1.0,0.0,0.0,"Slammed in September by Hurricanes Irma and Maria, this lush, wild bit of Puerto Rico is still recovering https://t.co/2UXI4pxU1Z",7,@nytimes
0.1779,Tue Mar 20 20:40:07 +0000 2018,0.914,0.0,0.086,"Growing hops for beer is resource-intensive, and farmers can‚Äôt keep up. So scientists engineered yeast that can hel‚Ä¶ https://t.co/wz43aA0qcy",8,@nytimes
-0.5574,Tue Mar 20 20:25:03 +0000 2018,0.825,0.175,0.0,Peter G. Peterson has died at 91. The billionaire financier and philanthropist combined a spectacular career in ind‚Ä¶ https://t.co/NXeVRJCS52,9,@nytimes
-0.7269,Tue Mar 20 20:18:08 +0000 2018,0.757,0.243,0.0,"""When I deployed to Iraq in 2003, there was no war. We had to start it,"" a former Marine Corps tanker writes https://t.co/afxjBT5yZe",10,@nytimes
0.0,Tue Mar 20 20:08:04 +0000 2018,1.0,0.0,0.0,"Ben Carson on the $31,000 dining room set: ""I left it to my wife, you know, to choose something"" https://t.co/M2Xy9eqfUW",11,@nytimes
0.0,Tue Mar 20 19:58:04 +0000 2018,1.0,0.0,0.0,"RT @ByJamesWagner: On a supermarket and cafeteria that has fed many Mets players over the years, and provided much more: https://t.co/7Z3hd‚Ä¶",12,@nytimes
0.0,Tue Mar 20 19:48:02 +0000 2018,1.0,0.0,0.0,Melania Trump wants to end cyberbullying. Here are the times her husband's behavior on Twitter has clashed with tha‚Ä¶ https://t.co/VTEVKENZOm,13,@nytimes
-0.4767,Tue Mar 20 19:46:55 +0000 2018,0.853,0.147,0.0,"Cambridge Analytica, the data firm with ties to the Trump campaign, suspended its CEO as regulators investigate its‚Ä¶ https://t.co/bUeKs74kcZ",14,@nytimes
0.0,Tue Mar 20 19:38:26 +0000 2018,1.0,0.0,0.0,RT @NYTScience: Humans interbred with Neanderthals. Migrants from what is now Taiwan settled much of the remote Pacific. Once we knew littl‚Ä¶,15,@nytimes
0.5719,Tue Mar 20 19:28:06 +0000 2018,0.773,0.0,0.227,"President Trump welcomed Saudi Arabia‚Äôs crown prince to the White House, reaffirming his endorsement of an ambitiou‚Ä¶ https://t.co/i9PoQGBqNr",16,@nytimes
-0.34,Tue Mar 20 19:19:51 +0000 2018,0.569,0.264,0.167,"Great Mills High School shooting updates:
‚Ä¢ The suspect, Austin Wyatt Rollins, 17, was confirmed dead
‚Ä¢ 16-year-old‚Ä¶ https://t.co/Fb2juqoZBU",17,@nytimes
-0.8934,Tue Mar 20 19:18:05 +0000 2018,0.584,0.416,0.0,The Minneapolis police officer who fatally shot an Australian woman last summer has been charged with murder https://t.co/ekXNYDvhch,18,@nytimes
-0.6997,Tue Mar 20 19:08:05 +0000 2018,0.653,0.347,0.0,"RT @nytgraphics: How a self-driving Uber killed a pedestrian in Arizona.
https://t.co/Lkpqvmwfmu",19,@nytimes
0.0,Tue Mar 20 18:58:06 +0000 2018,1.0,0.0,0.0,Authorities are scrambling for clues that could connect a package that exploded in San Antonio to the explosions in‚Ä¶ https://t.co/vDdsdRmsxK,20,@nytimes
0.0,Tue Mar 20 18:52:42 +0000 2018,1.0,0.0,0.0,This is a story about dogs at the movies https://t.co/8afzOXv0C1 https://t.co/U6jURj2LPl,21,@nytimes
-0.3182,Tue Mar 20 18:48:05 +0000 2018,0.867,0.133,0.0,A California law that requires ‚Äúcrisis pregnancy centers‚Äù to provide information about abortion met a skeptical rec‚Ä¶ https://t.co/rebHavwlUR,22,@nytimes
0.0772,Tue Mar 20 18:38:03 +0000 2018,0.942,0.0,0.058,"RT @nytimesworld: As the number of mountaineers winding through the Everest region has multiplied, so has the trash ‚Äî beer bottles, food ca‚Ä¶",23,@nytimes
0.2732,Tue Mar 20 18:28:05 +0000 2018,0.89,0.0,0.11,RT @nytopinion: Running across a person who had committed genocide was always a possibility in Argentina in the 1990s https://t.co/5RTwC8va‚Ä¶,24,@nytimes
0.4215,Tue Mar 20 18:18:04 +0000 2018,0.859,0.0,0.141,"If you liked Kim Kardashian on Facebook, researchers can tell how extroverted (very), conscientious (more than most‚Ä¶ https://t.co/Cj11Mh00Kf",25,@nytimes
-0.7184,Tue Mar 20 18:08:21 +0000 2018,0.72,0.28,0.0,"Cynthia Nixon, on her first full day as a candidate, wasted no time in confronting Gov. Cuomo in sharp and personal‚Ä¶ https://t.co/dAknK25Uvi",26,@nytimes
0.2263,Tue Mar 20 17:58:03 +0000 2018,0.821,0.068,0.111,"A Trump administration proposal would limit the ability of the U.S., Mexico and Canada to warn consumers about the‚Ä¶ https://t.co/EcOckxj3e3",27,@nytimes
-0.5267,Tue Mar 20 17:48:02 +0000 2018,0.866,0.134,0.0,"RT @nytimesarts: The story of ""Roxanne's Revenge"" and Roxanne Shant√©, who paved the way for Foxy Brown, Lil' Kim, Cardi B and others https:‚Ä¶",28,@nytimes
0.0,Tue Mar 20 17:41:09 +0000 2018,1.0,0.0,0.0,RT @jimrutenberg: EXCLUSIVE/BREAKING: Former Playboy model Karen McDougal sues to get out of ‚Äúcatch and kill‚Äù deal with National Enquirer p‚Ä¶,29,@nytimes
0.2732,Tue Mar 20 17:35:50 +0000 2018,0.751,0.083,0.166,A former Playboy model who claimed she had an affair with Donald Trump is suing to be freed from a 2016 legal deal‚Ä¶ https://t.co/0aeHzdcgS8,30,@nytimes
-0.1027,Tue Mar 20 17:32:06 +0000 2018,0.909,0.091,0.0,Their pay has stood still. Now Oklahoma teachers could be the next to walk. https://t.co/vCjft7hP9f,31,@nytimes
-0.5267,Tue Mar 20 17:22:07 +0000 2018,0.861,0.139,0.0,An NYC agency has documented every instance it believes it has caught an police officer lying. But of the 81 cases‚Ä¶ https://t.co/DsQTOBOveR,32,@nytimes
0.4939,Tue Mar 20 17:06:41 +0000 2018,0.842,0.0,0.158,"Breaking News: President Trump called Vladimir Putin to congratulate him for his re-election victory, days after th‚Ä¶ https://t.co/OlTzbOBXZ6",33,@nytimes
0.101,Tue Mar 20 17:02:05 +0000 2018,0.792,0.097,0.111,"RT @jeligon: ‚ÄúOne of the most popular liberal post-racial ideas is the idea that the fundamental problem is class and not race, and clearly‚Ä¶",34,@nytimes
-0.34,Tue Mar 20 16:55:48 +0000 2018,0.602,0.244,0.154,"‚Ä¢ The shooting suspect in the Great Mills high school shooting has been confirmed dead.
‚Ä¢ Two students were injured‚Ä¶ https://t.co/pvsZWuCHWZ",35,@nytimes
0.0,Tue Mar 20 16:52:05 +0000 2018,1.0,0.0,0.0,Mississippi's governor is expected to pick the state's agricultural commissioner ‚Äî who would be the first woman to‚Ä¶ https://t.co/w8trN1KI4m,36,@nytimes
0.0,Tue Mar 20 16:42:04 +0000 2018,1.0,0.0,0.0,"Next month, the U.S. economic recovery will become the second-longest on record. Here's how it might end. https://t.co/2mLbMtzQCy",37,@nytimes
0.3612,Tue Mar 20 16:32:05 +0000 2018,0.783,0.0,0.217,Are you ready to quit Facebook? (From March 2017) https://t.co/AJ0vqx0nui,38,@nytimes
-0.1531,Tue Mar 20 16:22:24 +0000 2018,0.846,0.088,0.065,"Larry Kwong, the NHL's first player of Asian descent, has died at 94. He played only one game in 1948, but that was‚Ä¶ https://t.co/h5RRO4pGmH",39,@nytimes
0.0,Tue Mar 20 16:12:05 +0000 2018,1.0,0.0,0.0,"Canada's outdoor rinks are melting. And with them, so is a way of life. https://t.co/lilvF3C3kS",40,@nytimes
-0.2732,Tue Mar 20 16:02:04 +0000 2018,0.916,0.084,0.0,RT @nytlizrobbins: Is he New York state's Joe Arpaio? A lone New York sheriff signs up to aid immigration crackdown. He says it's for publi‚Ä¶,41,@nytimes
0.296,Tue Mar 20 15:52:08 +0000 2018,0.721,0.113,0.167,"La Borinque√±a, a Puerto Rican heroine, will be fighting alongside Wonder Woman, Batman, Superman and other DC Comic‚Ä¶ https://t.co/gXwfwlBS3T",42,@nytimes
-0.5106,Tue Mar 20 15:42:03 +0000 2018,0.864,0.136,0.0,"RT @nytpolitics: Ben Carson told a House committee he failed to adhere to a federal spending cap for the purchase of a $31,000 mahogany din‚Ä¶",43,@nytimes
0.0,Tue Mar 20 15:38:33 +0000 2018,1.0,0.0,0.0,"Ben Carson said the purchase of a $31,000 dining room set for his office wasn't about decoration. It was about safe‚Ä¶ https://t.co/ZLE7c2NQuY",44,@nytimes
-0.5574,Tue Mar 20 15:32:04 +0000 2018,0.847,0.153,0.0,"Andrew McCabe, the former FBI deputy director, was fired late Friday night ‚Äî on the eve of his retirement. Here‚Äôs w‚Ä¶ https://t.co/g8NhNgTWtL",45,@nytimes
-0.5574,Tue Mar 20 15:22:05 +0000 2018,0.825,0.175,0.0,The last male northern white rhino in the world has died. Just 2 northern white rhinos now remain. https://t.co/iGPYGlACEH,46,@nytimes
0.0,Tue Mar 20 15:19:35 +0000 2018,1.0,0.0,0.0,"Meet Nemo and Mickey, the beagles who hunt bedbugs for NYC's Department of Housing Preservation and Development‚Ä¶ https://t.co/6pDggDt2Im",47,@nytimes
-0.5574,Tue Mar 20 15:12:05 +0000 2018,0.854,0.146,0.0,"""I didn't even know what tuberculosis was,"" one woman said. ""Then my mother died and because nobody in my family ha‚Ä¶ https://t.co/H5y5h3iA74",48,@nytimes
-0.0516,Tue Mar 20 15:02:04 +0000 2018,0.663,0.173,0.163,The Federal Trade Commission is investigating whether Facebook violated an agreement on data privacy https://t.co/WTUVDrck2a,49,@nytimes
0.5994,Tue Mar 20 15:02:04 +0000 2018,0.786,0.0,0.214,RT @UpshotNYT: What recent special elections can and can't tell us about prospects for Democrats in the 2018 midterms. https://t.co/IvyvHVo‚Ä¶,50,@nytimes
0.3612,Tue Mar 20 14:52:05 +0000 2018,0.884,0.0,0.116,"New York is getting ready for yet another major snowstorm, just in time for the first day of spring https://t.co/zaiixeU3IV",51,@nytimes
0.34,Tue Mar 20 14:42:03 +0000 2018,0.893,0.0,0.107,"RT @NYTSports: ‚ÄúThis is the real March Madness.‚Äù 32 teams, seven days and one shared hotel. It's the @NAIA tournament. https://t.co/jmeABGb‚Ä¶",52,@nytimes
-0.4767,Tue Mar 20 14:40:08 +0000 2018,0.853,0.147,0.0,"Your daily @DealBook Briefing: 

‚Ä¢ Facebook had a terrible day.

‚Ä¢ So did Uber.

‚Ä¢ Leaders at the G-20 summit are s‚Ä¶ https://t.co/pA9s2WtIhM",53,@nytimes
0.34,Tue Mar 20 14:33:17 +0000 2018,0.595,0.161,0.244,"3 people were injured in a high school shooting in Great Mills, Maryland https://t.co/KhSQHiGmvW",54,@nytimes
-0.2732,Tue Mar 20 14:32:06 +0000 2018,0.884,0.116,0.0,Nigerian officials had been warned that Boko Haram militants were approaching before 110 schoolgirls were kidnapped‚Ä¶ https://t.co/3EzNLJixMI,55,@nytimes
0.0,Tue Mar 20 14:22:02 +0000 2018,1.0,0.0,0.0,Facebook‚Äôs open platform for apps helped it grow. But it has become a privacy nightmare. https://t.co/00Y2uFFUH3,56,@nytimes
0.0,Tue Mar 20 14:10:31 +0000 2018,1.0,0.0,0.0,"In Opinion¬†

The Editorial Board writes: Lawmakers and regulators need to force Facebook to quickly identify and al‚Ä¶ https://t.co/Tyw2AIc5K2",57,@nytimes
0.0,Tue Mar 20 14:00:28 +0000 2018,1.0,0.0,0.0,Morning Briefing: Here's what you need to know to start your day https://t.co/SWJ1ymff77 https://t.co/DSPkK8sSdL,58,@nytimes
-0.4939,Tue Mar 20 13:46:07 +0000 2018,0.849,0.151,0.0,Experts fear that Venezuela is teetering on the brink of a tuberculosis epidemic that could spill over its borders‚Ä¶ https://t.co/zqYZEWeISP,59,@nytimes
0.0,Tue Mar 20 13:30:06 +0000 2018,1.0,0.0,0.0,What we know about the bombings and explosions in Austin and San Antonio https://t.co/TOvCv2aqTe https://t.co/n7sDDSlH8j,60,@nytimes
0.0,Tue Mar 20 13:17:05 +0000 2018,1.0,0.0,0.0,A package that exploded at a FedEx center near San Antonio was addressed to Austin and was believed to be connected‚Ä¶ https://t.co/Vzaq1ejguz,61,@nytimes
-0.7269,Tue Mar 20 13:00:11 +0000 2018,0.757,0.243,0.0,"""When I deployed to Iraq in 2003, there was no war. We had to start it,"" a former Marine Corps tanker writes https://t.co/RYFCbhplRc",62,@nytimes
-0.2263,Tue Mar 20 12:45:04 +0000 2018,0.81,0.113,0.077,The Uber car was in autonomous mode with a human safety driver at the wheel but carrying no passengers when it stru‚Ä¶ https://t.co/I5FryTdFCz,63,@nytimes
0.0,Tue Mar 20 12:28:03 +0000 2018,1.0,0.0,0.0,"Education Secretary Betsy DeVos has clashed with staff members over a reorganization plan, which they say she tried‚Ä¶ https://t.co/SlIjmhturB",64,@nytimes
0.0,Tue Mar 20 12:15:08 +0000 2018,1.0,0.0,0.0,"Andrew Cuomo directed the state attorney general to review how the Manhattan district attorney, Cyrus Vance, handle‚Ä¶ https://t.co/BHP29AUBm9",65,@nytimes
0.0,Tue Mar 20 12:00:06 +0000 2018,1.0,0.0,0.0,Morning Briefing: Here's what you need to know to start your day https://t.co/dUPBGiOjj1 https://t.co/vkuvAEbjDz,66,@nytimes
0.25,Tue Mar 20 11:50:08 +0000 2018,0.889,0.0,0.111,"In¬†Opinion

Op-Ed columnist @michelleinbklyn writes: ""If the Trump campaign had a social media advantage, one reaso‚Ä¶ https://t.co/uza16auFHK",67,@nytimes
0.1451,Tue Mar 20 11:39:04 +0000 2018,0.765,0.105,0.13,"""Thanks to Britain, they've ensured a level of turnout we weren't hoping to achieve by ourselves."" Russia has credi‚Ä¶ https://t.co/6vZ9ZGFnhB",68,@nytimes
0.5809,Tue Mar 20 11:30:07 +0000 2018,0.701,0.072,0.227,"""The company regrets that it cannot undo the damage Harvey Weinstein caused, but hopes that today's events will mar‚Ä¶ https://t.co/RAclA0ufYj",69,@nytimes
0.4754,Tue Mar 20 11:20:08 +0000 2018,0.808,0.0,0.192,A look at how the most powerful man in Russia is staying that way https://t.co/FfeEbyu00E,70,@nytimes
0.296,Tue Mar 20 11:11:05 +0000 2018,0.879,0.0,0.121,"Steven Mnuchin: ""The objective is not to put tariffs on everybody but to solve the issue"" https://t.co/VErv4gPvSS",71,@nytimes
0.3818,Tue Mar 20 11:00:04 +0000 2018,0.885,0.0,0.115,"President Trump has weighed aloud in recent days to close associates whether to dismiss his lawyer Ty Cobb, who had‚Ä¶ https://t.co/Ca6ekto0ZX",72,@nytimes
0.4215,Tue Mar 20 10:44:03 +0000 2018,0.877,0.0,0.123,"In Opinion 

Op-Ed contributor Sinan Antoon writes: ""The invasion of Iraq is often spoken of in the United States a‚Ä¶ https://t.co/ulyJNeBDLY",73,@nytimes
0.0,Tue Mar 20 10:36:06 +0000 2018,1.0,0.0,0.0,"Morning¬†Briefing: Here's what you need to know to start your day 
https://t.co/OnA4rHBW9i https://t.co/BAD5GT7f8L",74,@nytimes
0.0,Tue Mar 20 10:14:01 +0000 2018,1.0,0.0,0.0,RT @nytimesworld: NGOs operate about 40 women's shelters in Afghanistan. The Afghan government is seeking to take financial control of them‚Ä¶,75,@nytimes
-0.5859,Tue Mar 20 10:00:07 +0000 2018,0.817,0.183,0.0,"Britain's foreign secretary said that Russia's denials of responsibility in the poisoning of a former spy were ""inc‚Ä¶ https://t.co/yavwUc9rpH",76,@nytimes
0.0,Tue Mar 20 09:45:09 +0000 2018,1.0,0.0,0.0,"At a conference on whale biology in 1971, a female attendee was photographed but not identified. Last week, a team‚Ä¶ https://t.co/lvcWO61ksG",77,@nytimes
-0.4939,Tue Mar 20 09:30:14 +0000 2018,0.856,0.144,0.0,"The Weinstein Company said it released anyone ""who suffered or witnessed any form of sexual misconduct by Harvey We‚Ä¶ https://t.co/nHS3fvgzBX",78,@nytimes
0.2732,Tue Mar 20 09:15:06 +0000 2018,0.851,0.0,0.149,British and EU negotiators agreed on the terms of a 21-month Brexit transition https://t.co/VMU82Vx0X2,79,@nytimes
0.0,Tue Mar 20 09:00:18 +0000 2018,1.0,0.0,0.0,A Facebook executive who urged transparency on Russian disinformation is said to be leaving after clashing with oth‚Ä¶ https://t.co/YIe5Pp6zb7,80,@nytimes
0.2023,Tue Mar 20 08:45:06 +0000 2018,0.795,0.0,0.205,5 important takeaways from China's National People's Congress https://t.co/ktm54IYt4R,81,@nytimes
0.0,Tue Mar 20 08:30:12 +0000 2018,1.0,0.0,0.0,Videos appear to show individuals casting multiple ballots during Russia's election  https://t.co/CHuJr7GdJ5,82,@nytimes
0.4939,Tue Mar 20 08:15:04 +0000 2018,0.792,0.0,0.208,Britain's government has raised the possibility that it might consider seizing the assets of wealthy Russians like‚Ä¶ https://t.co/eoMrHLRvCZ,83,@nytimes
-0.5994,Tue Mar 20 08:02:02 +0000 2018,0.795,0.205,0.0,"A U.S. soldier in Niger warned that his unit was ill equipped for a raid on a militant. They were sent anyway, and‚Ä¶ https://t.co/c4JMwYfTZf",84,@nytimes
-0.4215,Tue Mar 20 07:47:03 +0000 2018,0.882,0.118,0.0,RT @nytimesworld: The kidnapping of 110 girls by Boko Haram has left anguished parents asking how such a kidnapping could happen again http‚Ä¶,85,@nytimes
0.0,Tue Mar 20 07:32:03 +0000 2018,1.0,0.0,0.0,"‚ÄúSend some girls around to the candidate‚Äôs house.‚Äù

As part of a monthslong investigation into Cambridge Analytica,‚Ä¶ https://t.co/yArOs3bQmM",86,@nytimes
0.5574,Tue Mar 20 07:17:04 +0000 2018,0.787,0.0,0.213,"RT @ScottShaneNYT: Covering Facebook is a bit like covering the government now, in scale and significance. And @nicoleperlroth @sheeraf can‚Ä¶",87,@nytimes
0.6124,Tue Mar 20 07:07:42 +0000 2018,0.615,0.0,0.385,How to Enjoy Fine Dining on a Fast Food Budget https://t.co/Zvv75ozqhq,88,@nytimes
0.0,Tue Mar 20 07:02:05 +0000 2018,1.0,0.0,0.0,"The Australian comic Hannah Gadsby calls out Louis C.K., Harvey Weinstein and Bill Clinton, but her real target is‚Ä¶ https://t.co/VlFMTsQZti",89,@nytimes
0.0,Tue Mar 20 06:33:04 +0000 2018,1.0,0.0,0.0,RT @nytimesworld: President Bashar al-Assad of Syria took a tour of the eastern Ghouta suburb of Damascus after a government military offen‚Ä¶,90,@nytimes
-0.4404,Tue Mar 20 06:18:45 +0000 2018,0.756,0.244,0.0,Can Wikipedia bear the burden of fact-checking YouTube videos? https://t.co/6vZsPdX5z0,91,@nytimes
0.4404,Tue Mar 20 06:02:03 +0000 2018,0.818,0.0,0.182,The shopping gems in Belfast's lively city center are the independently owned establishments https://t.co/AwXscJyNqA,92,@nytimes
0.4588,Tue Mar 20 05:32:05 +0000 2018,0.705,0.099,0.196,"RT @UpshotNYT: New research shows that even black boys who grow up wealthy are more likely to wind up poor than to stay rich.
https://t.co/‚Ä¶",93,@nytimes
-0.1027,Tue Mar 20 05:02:04 +0000 2018,0.755,0.132,0.113,"Facebook‚Äôs chief information security officer, Alex Stamos, is said to have had internal disagreements over how the‚Ä¶ https://t.co/bxcrB2UI4o",94,@nytimes
0.0,Tue Mar 20 04:47:04 +0000 2018,1.0,0.0,0.0,RT @kimseverson: Stuffed ham is a dying art. Or maybe not. Come read about my journey to the land of stuffed ham and decide. https://t.co/9‚Ä¶,95,@nytimes
0.0,Tue Mar 20 04:32:06 +0000 2018,1.0,0.0,0.0,Facebook‚Äôs open platform for third-party apps helped it grow into a juggernaut. But it‚Äôs become a privacy nightmare. https://t.co/HUEJOTDUCF,96,@nytimes
0.4215,Tue Mar 20 04:17:05 +0000 2018,0.882,0.0,0.118,RT @marclacey: Can you believe it‚Äôs been six months since Harvey flooded Houston? Here‚Äôs a powerful look by @nytvideo at one neighborhood t‚Ä¶,97,@nytimes
-0.5106,Tue Mar 20 04:02:02 +0000 2018,0.788,0.212,0.0,"As President Trump openly discussed firing one of his lawyers, another considered resigning and a third ‚Äî who pushe‚Ä¶ https://t.co/t6nEelnV6l",98,@nytimes
-0.5994,Tue Mar 20 03:47:01 +0000 2018,0.776,0.224,0.0,Mississippi has imposed a ban on abortions after 15 weeks. The state's only abortion clinic immediately sued to blo‚Ä¶ https://t.co/KqLmc4NspZ,99,@nytimes
